INDEX_1,INDEX_2,TEAM,ROLE,E,A,D,DMG,H,MIT
1,1,1,TANK,0,0,8,2947,1425,4611
1,2,1,DAMAGE,1,0,3,1818,0,650
1,3,1,DAMAGE,2,0,7,4735,487,308
1,4,1,SUPPORT,1,0,3,2078,2748,0
1,5,1,SUPPORT,1,1,3,269,5848,189
1,6,2,DAMAGE,17,0,1,5906,0,1044
1,7,2,DAMAGE,12,0,1,5907,0,0
1,8,2,SUPPORT,8,6,0,2790,4794,0
1,9,2,SUPPORT,10,13,0,2226,5556,208
1,10,2,TANK,17,4,0,4381,0,7181
2,1,1,TANK,23,9,10,10899,163,5789
2,2,1,DAMAGE,22,3,4,7938,0,340
2,3,1,DAMAGE,21,2,11,11522,1304,231
2,4,1,SUPPORT,0,28,10,60,11726,0
2,5,1,SUPPORT,17,14,7,3894,9805,666
2,6,2,SUPPORT,13,14,7,3694,8473,316
2,7,2,SUPPORT,18,20,7,5677,11922,469
2,8,2,DAMAGE,32,3,6,10120,248,1281
2,9,2,DAMAGE,24,1,7,8344,0,0
2,10,2,TANK,26,12,8,9395,0,6943
3,1,1,TANK,28,9,8,10186,1773,2747
3,2,1,DAMAGE,22,1,8,8198,0,1646
3,3,1,DAMAGE,38,1,6,11016,0,2151
3,4,1,SUPPORT,20,27,6,4351,6199,113
3,5,1,SUPPORT,10,26,4,2911,10401,0
3,6,2,SUPPORT,14,19,12,4031,9338,1138
3,7,2,TANK,18,10,8,8550,0,6754
3,8,2,DAMAGE,12,2,10,8030,2979,0
3,9,2,DAMAGE,20,0,10,7761,0,360
3,10,2,SUPPORT,10,14,11,3000,9102,528
4,1,1,TANK,19,3,5,8889,0,4876
4,2,1,DAMAGE,15,0,2,6605,33,273
4,3,1,DAMAGE,11,2,6,5815,486,0
4,4,1,SUPPORT,13,6,4,5963,6442,0
4,5,1,SUPPORT,1,20,3,60,11359,0
4,6,2,DAMAGE,15,1,8,6371,893,402
4,7,2,SUPPORT,4,8,5,1343,9564,253
4,8,2,DAMAGE,9,4,7,7314,0,1785
4,9,2,TANK,14,2,3,6561,0,4412
4,10,2,SUPPORT,15,6,3,6721,7679,0
5,1,1,TANK,4,0,6,2900,0,5068
5,2,1,DAMAGE,5,1,3,4054,0,0
5,3,1,DAMAGE,1,1,6,2518,61,334
5,4,1,SUPPORT,3,2,6,1769,3174,0
5,5,1,SUPPORT,3,5,5,1565,3681,293
5,6,2,DAMAGE,10,2,2,2455,0,0
5,7,2,SUPPORT,11,9,2,1554,4459,735
5,8,2,DAMAGE,11,0,2,3734,0,102
5,9,2,TANK,23,7,0,6419,0,6264
5,10,2,SUPPORT,9,13,1,1973,4810,0
6,1,1,TANK,31,6,11,15611,0,14670
6,2,1,DAMAGE,37,5,11,16752,0,0
6,3,1,DAMAGE,29,0,20,14730,285,1026
6,4,1,SUPPORT,16,19,14,7005,8404,602
6,5,1,SUPPORT,3,38,7,612,24806,0
6,6,2,DAMAGE,32,3,13,15292,622,1120
6,7,2,DAMAGE,38,4,12,15901,364,0
6,8,2,TANK,28,5,12,13258,0,28037
6,9,2,SUPPORT,23,32,9,6582,15769,4161
6,10,2,SUPPORT,24,25,9,5125,15469,1229
7,1,1,TANK,11,3,10,7553,0,7788
7,2,1,DAMAGE,17,1,7,7305,0,0
7,3,1,DAMAGE,17,0,11,8286,290,0
7,4,1,SUPPORT,3,15,9,525,9840,0
7,5,1,SUPPORT,14,11,6,4481,6126,579
7,6,2,TANK,18,8,9,7803,0,5778
7,7,2,SUPPORT,13,16,5,2706,7427,537
7,8,2,DAMAGE,31,1,8,9026,1200,127
7,9,2,DAMAGE,29,15,4,8568,1515,0
7,10,2,SUPPORT,15,19,2,3094,7455,155
8,1,1,TANK,21,3,8,14428,225,9731
8,2,1,DAMAGE,32,12,9,11759,33,4656
8,3,1,DAMAGE,24,6,10,14677,995,354
8,4,1,SUPPORT,20,20,8,7031,13027,0
8,5,1,SUPPORT,16,20,10,4694,10602,512
8,6,2,DAMAGE,30,2,14,15915,0,2128
8,7,2,DAMAGE,25,0,11,14375,1816,318
8,8,2,TANK,14,6,12,10895,0,10481
8,9,2,SUPPORT,7,19,7,1877,15257,184
8,10,2,SUPPORT,6,21,4,2015,13420,0
9,1,1,TANK,9,1,7,4892,0,14978
9,2,1,DAMAGE,14,5,2,8075,14,3358
9,3,1,DAMAGE,15,0,3,11799,0,1556
9,4,1,SUPPORT,2,13,5,3794,8167,477
9,5,1,SUPPORT,14,12,7,4700,9022,0
9,6,2,SUPPORT,13,15,5,3046,10034,3022
9,7,2,DAMAGE,15,5,8,6198,693,1789
9,8,2,SUPPORT,11,14,5,2972,9373,293
9,9,2,TANK,20,7,3,8400,0,7131
9,10,2,DAMAGE,14,0,5,5605,0,0
10,1,1,TANK,13,2,12,7902,0,14402
10,2,1,DAMAGE,17,4,7,10475,186,6204
10,3,1,DAMAGE,12,0,9,8980,766,52
10,4,1,SUPPORT,5,5,10,3351,6550,0
10,5,1,SUPPORT,0,15,7,690,10555,0
10,6,2,DAMAGE,30,0,3,12044,544,8
10,7,2,SUPPORT,19,23,2,3177,9449,767
10,8,2,TANK,29,4,6,9277,0,9718
10,9,2,DAMAGE,23,0,7,8676,1898,0
10,10,2,SUPPORT,1,30,5,20,10829,0
11,1,1,TANK,24,4,6,13430,0,7079
11,2,1,DAMAGE,15,5,5,8725,0,3269
11,3,1,DAMAGE,15,0,8,8649,0,415
11,4,1,SUPPORT,11,20,7,2153,8936,1045
11,5,1,SUPPORT,12,18,8,4428,10662,358
11,6,2,DAMAGE,16,0,7,6362,1283,0
11,7,2,SUPPORT,3,14,5,1158,12160,772
11,8,2,SUPPORT,0,22,3,611,13061,0
11,9,2,TANK,16,7,6,11696,0,9012
11,10,2,DAMAGE,20,0,8,10882,0,212
12,1,1,TANK,1,1,5,4073,0,3901
12,2,1,DAMAGE,1,1,1,3326,0,885
12,3,1,DAMAGE,2,0,9,2878,603,120
12,4,1,SUPPORT,2,0,5,966,4539,0
12,5,1,SUPPORT,1,1,6,2166,4779,0
12,6,2,TANK,9,0,0,5644,0,2703
12,7,2,DAMAGE,17,3,2,5780,0,0
12,8,2,DAMAGE,14,1,2,4569,0,0
12,9,2,SUPPORT,11,7,0,3165,4961,442
12,10,2,SUPPORT,0,15,0,0,6885,0
13,1,1,TANK,10,0,14,7484,0,14152
13,2,1,DAMAGE,18,0,12,9303,172,700
13,3,1,DAMAGE,11,1,7,7809,0,4196
13,4,1,SUPPORT,9,9,6,3494,7365,433
13,5,1,SUPPORT,6,14,8,2002,9186,0
13,6,2,DAMAGE,29,0,7,8118,786,497
13,7,2,DAMAGE,19,2,8,9062,1841,0
13,8,2,TANK,34,16,5,10025,0,9409
13,9,2,SUPPORT,15,18,3,2977,7784,444
13,10,2,SUPPORT,22,13,2,6147,8929,125
14,1,1,TANK,13,3,17,9641,0,24078
14,2,1,DAMAGE,18,2,6,11711,47,8128
14,3,1,DAMAGE,28,3,10,16368,367,320
14,4,1,SUPPORT,14,13,11,5939,12751,863
14,5,1,SUPPORT,13,18,5,4320,19239,333
14,6,2,SUPPORT,14,25,8,3839,16509,1672
14,7,2,TANK,33,10,7,14277,0,12687
14,8,2,SUPPORT,19,27,6,4892,14542,541
14,9,2,DAMAGE,33,3,8,15132,1148,1613
14,10,2,DAMAGE,26,5,9,17936,0,1540
15,1,1,TANK,16,1,9,6110,0,8530
15,2,1,DAMAGE,12,5,4,6664,26,4248
15,3,1,DAMAGE,9,0,10,4186,197,1571
15,4,1,SUPPORT,6,7,8,1579,7141,0
15,5,1,SUPPORT,4,3,8,1656,4134,550
15,6,2,SUPPORT,10,19,3,1823,7283,0
15,7,2,TANK,16,10,2,5355,0,3527
15,8,2,DAMAGE,24,2,6,8327,1071,17
15,9,2,DAMAGE,18,2,4,6662,0,78
15,10,2,SUPPORT,16,12,4,3941,5662,237
16,1,1,TANK,12,1,11,5006,0,9911
16,2,1,DAMAGE,8,0,2,7558,0,3014
16,3,1,DAMAGE,19,8,5,6500,1433,0
16,4,1,,,,,,,
16,5,1,,,,,,,
16,6,2,DAMAGE,18,5,3,5863,0,0
16,7,2,TANK,17,5,4,8693,0,4320
16,8,2,DAMAGE,16,2,8,5060,0,0
16,9,2,SUPPORT,16,16,4,3532,8915,850
16,10,2,SUPPORT,4,18,5,430,9986,0
17,1,1,TANK,22,4,7,10060,0,10048
17,2,1,DAMAGE,17,6,5,7341,46,1829
17,3,1,DAMAGE,25,5,16,7391,0,0
17,4,1,SUPPORT,13,7,12,6500,7715,161
17,5,1,SUPPORT,14,17,6,3314,11679,1138
17,6,2,SUPPORT,20,12,6,8785,11934,196
17,7,2,SUPPORT,14,21,12,6091,8422,0
17,8,2,DAMAGE,25,2,10,9847,693,289
17,9,2,TANK,23,6,4,7596,0,17741
17,10,2,DAMAGE,22,1,9,9265,0,236
18,1,1,TANK,25,6,10,10729,0,10953
18,2,1,DAMAGE,13,3,10,4852,0,0
18,3,1,DAMAGE,21,2,11,11853,45,788
18,4,1,SUPPORT,9,17,9,1949,13615,306
18,5,1,SUPPORT,23,15,11,6702,11050,0
18,6,2,DAMAGE,15,3,9,7970,1165,1782
18,7,2,SUPPORT,10,20,4,2321,9918,597
18,8,2,DAMAGE,27,0,11,8544,0,2063
18,9,2,TANK,42,5,9,15564,0,7324
18,10,2,SUPPORT,21,23,4,5811,9262,0
19,1,1,TANK,2,0,5,5213,0,7582
19,2,1,DAMAGE,7,0,8,3679,0,0
19,3,1,DAMAGE,3,0,7,3844,83,0
19,4,1,SUPPORT,3,1,6,2822,4123,369
19,5,1,SUPPORT,2,6,2,1336,5992,465
19,6,2,DAMAGE,16,0,3,4755,0,796
19,7,2,SUPPORT,6,7,3,2211,3485,0
19,8,2,DAMAGE,18,0,2,8535,0,0
19,9,2,SUPPORT,4,15,1,639,7115,261
19,10,2,TANK,8,3,2,3886,0,2196
20,1,1,TANK,10,1,8,7521,0,8906
20,2,1,DAMAGE,9,5,6,6784,0,0
20,3,1,DAMAGE,19,0,7,7762,203,1033
20,4,1,SUPPORT,8,12,7,4818,4780,243
20,5,1,SUPPORT,7,11,8,2595,7080,842
20,6,2,TANK,20,5,3,9017,0,5034
20,7,2,SUPPORT,0,19,5,0,10343,0
20,8,2,DAMAGE,18,5,5,7315,596,0
20,9,2,SUPPORT,7,9,6,2087,7983,125
20,10,2,DAMAGE,19,0,7,8935,0,1138
21,1,1,TANK,7,4,14,8758,0,11681
21,2,1,DAMAGE,9,1,2,9302,0,0
21,3,1,DAMAGE,7,4,10,10710,2145,0
21,4,1,SUPPORT,6,4,12,4356,8286,0
21,5,1,SUPPORT,5,4,7,2916,10068,887
21,6,2,SUPPORT,18,14,2,4036,13176,0
21,7,2,DAMAGE,26,3,4,13247,0,943
21,8,2,TANK,27,13,3,8406,0,17777
21,9,2,DAMAGE,26,4,2,10616,0,65
21,10,2,SUPPORT,15,19,1,2315,16422,1149
22,1,1,TANK,16,2,7,9715,0,11183
22,2,1,DAMAGE,15,3,7,6453,0,0
22,3,1,DAMAGE,15,1,9,9161,1817,0
22,4,1,SUPPORT,7,13,7,2376,10215,0
22,5,1,SUPPORT,8,12,7,3107,5555,181
22,6,2,DAMAGE,17,0,8,6700,0,518
22,7,2,DAMAGE,20,8,6,7941,1080,4160
22,8,2,SUPPORT,9,1,6,2206,7851,0
22,9,2,TANK,29,11,4,10332,0,14135
22,10,2,SUPPORT,13,18,4,3340,10771,544
23,1,1,TANK,21,3,8,11761,2730,5153
23,2,1,DAMAGE,25,4,6,10255,0,0
23,3,1,DAMAGE,14,2,12,5687,492,2071
23,4,1,SUPPORT,11,12,9,2612,9023,412
23,5,1,SUPPORT,5,21,4,1639,13201,0
23,6,2,TANK,17,4,6,13019,0,5379
23,7,2,DAMAGE,20,2,8,11772,0,0
23,8,2,SUPPORT,13,18,5,2395,12871,150
23,9,2,DAMAGE,27,1,7,9684,396,0
23,10,2,SUPPORT,15,15,10,5171,7030,176
24,1,1,TANK,24,4,7,9420,0,12094
24,2,1,DAMAGE,17,4,4,4671,0,0
24,3,1,DAMAGE,13,0,11,4321,0,477
24,4,1,SUPPORT,13,15,7,2760,9615,0
24,5,1,SUPPORT,7,8,9,1935,9299,1262
24,6,2,DAMAGE,23,4,6,6267,0,1351
24,7,2,TANK,22,13,6,5217,0,4480
24,8,2,DAMAGE,20,5,7,5932,0,0
24,9,2,SUPPORT,22,16,5,7339,7259,0
24,10,2,SUPPORT,25,6,6,6406,6568,0
25,1,1,TANK,11,1,7,6857,0,7116
25,2,1,DAMAGE,14,0,7,4876,0,0
25,3,1,DAMAGE,14,1,9,5231,0,0
25,4,1,SUPPORT,7,5,7,2343,7197,365
25,5,1,SUPPORT,10,8,8,3415,4377,0
25,6,2,TANK,20,3,3,5941,0,6573
25,7,2,DAMAGE,11,1,9,4637,463,86
25,8,2,SUPPORT,4,13,5,1331,9405,699
25,9,2,SUPPORT,22,3,2,7586,4845,0
25,10,2,DAMAGE,11,2,8,2803,0,0
26,1,1,TANK,22,10,6,9489,0,11559
26,2,1,DAMAGE,22,2,9,13771,0,0
26,3,1,DAMAGE,20,5,5,13949,0,27
26,4,1,SUPPORT,7,15,4,3530,14076,174
26,5,1,SUPPORT,7,16,6,2428,13049,1225
26,6,2,SUPPORT,3,19,4,134,17007,0
26,7,2,TANK,16,6,7,9973,684,13036
26,8,2,DAMAGE,16,0,9,13580,0,244
26,9,2,SUPPORT,5,8,4,3319,9156,1554
26,10,2,DAMAGE,17,0,9,12514,0,0
27,1,1,TANK,20,6,7,8984,0,9151
27,2,1,DAMAGE,22,1,6,11807,0,0
27,3,1,DAMAGE,12,5,15,6772,1282,307
27,4,1,SUPPORT,12,19,4,2654,11568,762
27,5,1,SUPPORT,8,11,7,4540,11648,0
27,6,2,DAMAGE,21,4,5,13044,1678,939
27,7,2,SUPPORT,17,15,8,5282,10813,0
27,8,2,SUPPORT,16,14,10,4946,6637,428
27,9,2,TANK,22,6,6,11222,1840,3809
27,10,2,DAMAGE,13,8,5,8345,830,8
28,1,1,TANK,12,2,7,6924,561,6508
28,2,1,DAMAGE,14,0,13,7604,1671,0
28,3,1,DAMAGE,15,1,10,6036,644,1259
28,4,1,SUPPORT,8,10,7,2244,9945,820
28,5,1,SUPPORT,11,13,9,2331,7124,327
28,6,2,DAMAGE,19,6,8,5450,84,1310
28,7,2,TANK,23,10,8,6699,0,3733
28,8,2,SUPPORT,19,12,4,6266,8490,0
28,9,2,SUPPORT,23,18,4,6345,5693,407
28,10,2,DAMAGE,31,4,7,11199,0,0
29,1,1,TANK,4,1,6,2835,350,2948
29,2,1,DAMAGE,3,0,4,4086,0,0
29,3,1,DAMAGE,4,0,9,3269,332,0
29,4,1,SUPPORT,1,2,5,887,3924,239
29,5,1,SUPPORT,0,2,5,246,6069,0
29,6,2,DAMAGE,15,1,1,5795,56,1018
29,7,2,TANK,24,6,1,6892,0,8069
29,8,2,SUPPORT,8,10,1,1510,4352,374
29,9,2,DAMAGE,13,2,2,3226,113,222
29,10,2,SUPPORT,13,13,2,3283,3135,0
30,1,1,TANK,10,6,9,6954,549,6227
30,2,1,DAMAGE,13,1,2,8211,0,0
30,3,1,DAMAGE,13,3,10,7907,1179,0
30,4,1,SUPPORT,13,13,4,5231,9560,0
30,5,1,SUPPORT,5,10,5,1154,8490,2524
30,6,2,SUPPORT,11,16,5,3689,9747,4192
30,7,2,SUPPORT,12,14,4,1979,9380,1172
30,8,2,TANK,22,8,4,10767,0,3921
30,9,2,DAMAGE,21,0,4,7604,0,0
30,10,2,DAMAGE,14,3,6,8264,0,0
31,1,1,TANK,1,0,3,3213,3261,929
31,2,1,DAMAGE,5,1,4,4409,0,0
31,3,1,DAMAGE,2,1,2,2890,0,284
31,4,1,SUPPORT,2,2,1,830,5146,126
31,5,1,SUPPORT,1,3,2,754,3264,99
31,6,2,DAMAGE,6,0,4,3617,38,218
31,7,2,TANK,10,4,0,4325,0,4735
31,8,2,DAMAGE,7,2,1,6977,0,0
31,9,2,SUPPORT,3,6,2,762,3866,45
31,10,2,SUPPORT,4,6,0,804,5799,0
32,1,1,TANK,26,9,13,11806,0,17925
32,2,1,DAMAGE,19,9,9,9741,117,3504
32,3,1,DAMAGE,28,1,17,13073,1013,792
32,4,1,SUPPORT,16,21,10,3188,12818,729
32,5,1,SUPPORT,2,26,11,1858,13723,0
32,6,2,SUPPORT,18,16,7,4673,9626,0
32,7,2,DAMAGE,28,1,12,14274,623,1804
32,8,2,DAMAGE,41,1,10,13704,0,3523
32,9,2,SUPPORT,15,21,8,5166,13437,701
32,10,2,TANK,27,1,8,11254,0,24067
33,1,1,TANK,14,1,10,12573,237,12662
33,2,1,DAMAGE,14,4,6,9367,29,2168
33,3,1,DAMAGE,17,2,8,11170,913,16
33,4,1,SUPPORT,16,14,8,3498,12687,108
33,5,1,SUPPORT,8,8,10,5105,7338,254
33,6,2,DAMAGE,25,0,9,12089,1059,713
33,7,2,SUPPORT,0,28,4,100,17667,0
33,8,2,SUPPORT,14,10,6,5867,7853,487
33,9,2,TANK,24,5,7,11265,0,15308
33,10,2,DAMAGE,29,0,3,10366,1104,0
34,1,1,TANK,24,4,11,14645,0,9540
34,2,1,DAMAGE,19,2,7,11453,0,0
34,3,1,DAMAGE,26,4,12,12646,285,1180
34,4,1,SUPPORT,8,13,14,4219,8645,640
34,5,1,SUPPORT,11,13,13,3362,7520,3219
34,6,2,SUPPORT,10,29,8,2940,12125,131
34,7,2,DAMAGE,29,9,8,10385,500,0
34,8,2,TANK,35,12,9,12198,4851,8161
34,9,2,DAMAGE,26,8,10,11240,338,85
34,10,2,SUPPORT,15,28,7,2795,14183,1062
35,1,1,TANK,19,3,11,12744,0,22464
35,2,1,DAMAGE,18,1,5,9596,0,0
35,3,1,DAMAGE,14,2,17,8583,1116,0
35,4,1,SUPPORT,13,6,9,6356,10715,319
35,5,1,SUPPORT,6,5,12,3072,9568,24
35,6,2,TANK,38,14,5,13498,0,12907
35,7,2,DAMAGE,30,5,10,13776,1490,0
35,8,2,DAMAGE,29,0,9,9628,216,964
35,9,2,SUPPORT,11,24,6,3302,8780,0
35,10,2,SUPPORT,4,18,6,2311,16262,1201
36,1,1,TANK,1,1,6,3434,0,3929
36,2,1,DAMAGE,2,1,3,4044,0,0
36,3,1,DAMAGE,0,0,5,4224,20,146
36,4,1,SUPPORT,0,1,1,247,6490,0
36,5,1,SUPPORT,1,0,4,1894,3106,0
36,6,2,TANK,10,2,1,4365,0,4292
36,7,2,SUPPORT,4,8,1,781,6335,360
36,8,2,DAMAGE,15,0,0,5505,555,0
36,9,2,DAMAGE,10,1,0,4051,448,3305
36,10,2,SUPPORT,11,12,0,2672,4109,0
37,1,1,TANK,7,1,5,3370,0,3979
37,2,1,DAMAGE,2,0,2,2601,0,0
37,3,1,DAMAGE,6,2,6,3004,361,1818
37,4,1,SUPPORT,6,4,4,1183,4129,365
37,5,1,,,,,,,
37,6,2,DAMAGE,16,1,4,3954,521,0
37,7,2,SUPPORT,8,7,1,1873,3086,0
37,8,2,DAMAGE,9,0,1,2690,0,0
37,9,2,TANK,10,0,2,4076,0,8644
37,10,2,SUPPORT,8,9,1,1559,4731,391
38,1,1,TANK,3,1,7,4470,0,6342
38,2,1,DAMAGE,6,1,4,4819,0,0
38,3,1,DAMAGE,5,1,6,3456,0,0
38,4,1,SUPPORT,2,4,7,867,7185,241
38,5,1,SUPPORT,5,4,2,2044,8100,1097
38,6,2,DAMAGE,16,3,1,7339,1186,0
38,7,2,TANK,13,1,2,6656,0,3427
38,8,2,DAMAGE,14,0,5,4331,0,926
38,9,2,SUPPORT,12,12,0,2538,6126,162
38,10,2,SUPPORT,9,6,1,4034,4950,0
39,1,1,TANK,17,8,13,13733,0,8494
39,2,1,DAMAGE,21,1,7,12625,0,0
39,3,1,DAMAGE,14,6,6,13033,0,0
39,4,1,SUPPORT,6,11,12,4741,7383,41
39,5,1,SUPPORT,4,14,7,1830,10453,260
39,6,2,SUPPORT,1,22,2,318,20316,495
39,7,2,TANK,26,6,5,14065,0,13570
39,8,2,DAMAGE,28,7,6,11276,0,0
39,9,2,SUPPORT,11,13,6,2829,12561,1196
39,10,2,DAMAGE,18,3,12,7701,888,73
40,1,1,TANK,26,6,9,11328,404,7941
40,2,1,DAMAGE,25,3,3,9085,0,0
40,3,1,DAMAGE,23,0,10,7656,0,369
40,4,1,SUPPORT,14,8,9,4667,9166,188
40,5,1,SUPPORT,14,22,12,4967,12401,0
40,6,2,SUPPORT,14,23,8,2887,11514,2319
40,7,2,TANK,27,6,7,12736,0,10146
40,8,2,DAMAGE,20,6,11,7034,38,253
40,9,2,SUPPORT,15,16,6,5438,10769,521
40,10,2,DAMAGE,21,1,9,9043,0,335
41,1,1,TANK,4,0,8,4150,0,6097
41,2,1,DAMAGE,4,0,3,3578,0,0
41,3,1,DAMAGE,3,0,9,4300,1161,0
41,4,1,SUPPORT,2,0,7,1627,3810,0
41,5,1,SUPPORT,3,4,9,2854,5721,0
41,6,2,DAMAGE,21,2,3,6506,257,0
41,7,2,SUPPORT,5,11,1,1203,5638,1124
41,8,2,SUPPORT,12,15,0,1878,6993,0
41,9,2,TANK,22,2,0,6968,0,12937
41,10,2,DAMAGE,22,0,4,5731,0,1721
42,1,1,TANK,13,2,4,6660,0,5375
42,2,1,DAMAGE,6,1,4,6681,0,0
42,3,1,DAMAGE,12,0,10,7276,706,0
42,4,1,SUPPORT,2,11,7,2172,5753,1026
42,5,1,SUPPORT,4,3,6,3253,5615,1670
42,6,2,SUPPORT,5,19,3,410,11613,478
42,7,2,TANK,18,8,3,6540,0,8456
42,8,2,DAMAGE,15,4,3,6364,0,0
42,9,2,SUPPORT,8,12,3,1818,6121,168
42,10,2,DAMAGE,23,0,6,7093,0,2359
43,1,1,TANK,31,7,13,13033,0,17261
43,2,1,DAMAGE,41,2,5,12755,0,0
43,3,1,DAMAGE,26,13,14,8495,390,2273
43,4,1,SUPPORT,24,29,11,6340,12049,2190
43,5,1,SUPPORT,16,17,12,3046,13562,1485
43,6,2,SUPPORT,22,25,9,7176,13134,935
43,7,2,TANK,30,7,9,13102,0,11816
43,8,2,DAMAGE,38,2,11,10624,0,2647
43,9,2,SUPPORT,13,35,7,4936,12774,776
43,10,2,DAMAGE,31,5,18,11313,1233,0
44,1,1,TANK,12,7,5,6159,0,7911
44,2,1,DAMAGE,13,3,1,7967,0,0
44,3,1,DAMAGE,16,0,5,7958,966,930
44,4,1,SUPPORT,8,11,8,2760,4594,410
44,5,1,SUPPORT,7,18,3,1356,9457,0
44,6,2,SUPPORT,5,5,5,934,5947,1184
44,7,2,DAMAGE,14,2,3,6442,2475,0
44,8,2,DAMAGE,15,6,5,6082,321,1773
44,9,2,SUPPORT,4,9,3,1736,7841,1153
44,10,2,TANK,17,7,4,7867,0,6352
45,1,1,TANK,18,5,8,9645,0,12285
45,2,1,DAMAGE,19,1,7,7323,0,0
45,3,1,DAMAGE,13,1,13,6868,0,501
45,4,1,SUPPORT,1,17,8,572,12478,374
45,5,1,SUPPORT,7,11,9,3582,8648,1602
45,6,2,DAMAGE,24,3,3,10611,1905,0
45,7,2,TANK,33,10,5,9404,0,16082
45,8,2,DAMAGE,30,1,7,10530,0,2477
45,9,2,SUPPORT,10,25,5,1659,10157,266
45,10,2,SUPPORT,7,13,5,4111,6273,196
46,1,1,TANK,16,6,12,8941,0,14347
46,2,1,DAMAGE,13,2,6,7137,8,2706
46,3,1,DAMAGE,17,0,16,6780,77,1810
46,4,1,SUPPORT,8,7,11,3134,9542,6714
46,5,1,SUPPORT,6,11,5,1388,6019,166
46,6,2,SUPPORT,31,23,5,6951,6422,366
46,7,2,SUPPORT,10,23,5,1220,12382,714
46,8,2,DAMAGE,28,4,8,7864,0,1295
46,9,2,TANK,43,10,4,17612,0,8679
46,10,2,DAMAGE,11,5,7,3985,308,27
47,1,1,TANK,2,0,5,3828,35,6380
47,2,1,DAMAGE,4,2,1,3653,0,112
47,3,1,DAMAGE,3,0,8,3319,0,1509
47,4,1,SUPPORT,0,2,5,243,4232,0
47,5,1,SUPPORT,1,3,5,575,5729,191
47,6,2,SUPPORT,4,4,0,1846,3317,0
47,7,2,TANK,10,4,1,4755,0,5932
47,8,2,SUPPORT,3,7,0,490,5204,0
47,9,2,DAMAGE,11,2,2,6182,393,108
47,10,2,DAMAGE,15,1,3,5814,0,0
48,1,1,TANK,18,5,10,10467,0,17146
48,2,1,DAMAGE,16,3,9,9029,650,3525
48,3,1,DAMAGE,14,5,8,7451,20,3677
48,4,1,SUPPORT,10,13,10,3043,9575,747
48,5,1,SUPPORT,19,7,9,9288,8713,0
48,6,2,DAMAGE,24,1,4,12866,0,0
48,7,2,DAMAGE,25,0,11,10331,0,1324
48,8,2,TANK,19,4,5,8855,0,15940
48,9,2,SUPPORT,5,11,8,2740,9802,500
48,10,2,SUPPORT,4,20,1,1126,19447,1072
49,1,1,TANK,27,6,6,15825,0,24966
49,2,1,DAMAGE,22,3,11,10134,483,2084
49,3,1,DAMAGE,27,0,11,14168,907,1439
49,4,1,SUPPORT,24,21,8,8770,20322,0
49,5,1,SUPPORT,12,27,11,5294,11536,0
49,6,2,DAMAGE,22,0,12,11206,174,766
49,7,2,SUPPORT,13,34,5,3853,20035,0
49,8,2,TANK,31,6,9,15874,0,23622
49,9,2,SUPPORT,18,19,5,4713,15915,1523
49,10,2,DAMAGE,31,7,12,15251,75,1143
50,1,1,TANK,9,2,8,7480,0,15269
50,2,1,DAMAGE,8,1,9,8072,88,327
50,3,1,DAMAGE,13,1,9,8169,140,134
50,4,1,SUPPORT,6,9,7,3581,6372,0
50,5,1,SUPPORT,8,8,9,2201,8732,620
50,6,2,DAMAGE,15,6,7,4252,96,537
50,7,2,TANK,37,5,4,13073,0,8404
50,8,2,SUPPORT,10,31,1,1927,9509,701
50,9,2,DAMAGE,23,3,7,7475,107,826
50,10,2,SUPPORT,10,35,2,1978,12573,0
51,1,1,TANK,26,8,17,14797,0,22398
51,2,1,DAMAGE,19,6,10,9965,40,3132
51,3,1,DAMAGE,26,0,18,12652,0,3077
51,4,1,SUPPORT,27,28,11,6873,18248,0
51,5,1,SUPPORT,12,28,17,3422,15771,1897
51,6,2,DAMAGE,30,3,14,14148,878,98
51,7,2,DAMAGE,40,4,10,15150,619,290
51,8,2,SUPPORT,23,32,10,5750,16765,875
51,9,2,TANK,41,3,6,19108,0,20700
51,10,2,SUPPORT,25,28,9,6771,11626,347
52,1,1,TANK,11,1,5,9273,0,10892
52,2,1,DAMAGE,12,0,7,5668,0,859
52,3,1,DAMAGE,6,3,6,3313,916,0
52,4,1,SUPPORT,3,7,2,1455,8669,203
52,5,1,SUPPORT,0,10,3,18,8710,495
52,6,2,TANK,15,2,4,9656,0,4834
52,7,2,DAMAGE,15,0,3,4710,559,0
52,8,2,SUPPORT,9,14,4,2371,7233,0
52,9,2,DAMAGE,12,1,3,8401,0,0
52,10,2,SUPPORT,9,15,4,1906,5748,615
53,1,1,TANK,13,3,10,6045,0,9182
53,2,1,DAMAGE,17,4,11,5853,62,0
53,3,1,DAMAGE,19,0,9,7895,0,2406
53,4,1,SUPPORT,5,14,6,4281,6186,1159
53,5,1,SUPPORT,4,13,0,1543,11183,1276
53,6,2,DAMAGE,20,4,6,7516,0,0
53,7,2,DAMAGE,18,2,7,5990,0,374
53,8,2,SUPPORT,15,24,5,3381,7845,0
53,9,2,SUPPORT,15,18,4,4563,7775,287
53,10,2,TANK,24,14,5,9133,0,6677
54,1,1,TANK,13,2,6,8434,928,6359
54,2,1,DAMAGE,12,3,9,7363,473,0
54,3,1,DAMAGE,11,4,4,7728,91,2451
54,4,1,SUPPORT,5,4,5,2792,5556,698
54,5,1,SUPPORT,0,12,4,78,12136,351
54,6,2,DAMAGE,8,0,7,5704,0,0
54,7,2,SUPPORT,7,17,4,1091,11675,0
54,8,2,DAMAGE,16,4,5,6237,0,0
54,9,2,SUPPORT,8,10,3,2709,8054,510
54,10,2,TANK,21,1,3,13929,0,6004
55,1,1,TANK,9,1,7,6596,0,7218
55,2,1,DAMAGE,9,0,9,6551,0,1198
55,3,1,DAMAGE,6,0,7,5643,67,2502
55,4,1,SUPPORT,4,7,9,3952,8813,4854
55,5,1,SUPPORT,5,6,6,2135,9350,312
55,6,2,DAMAGE,25,12,5,8290,1429,5254
55,7,2,SUPPORT,12,21,4,3699,6775,0
55,8,2,SUPPORT,14,18,4,2615,9142,369
55,9,2,DAMAGE,22,0,2,5810,0,106
55,10,2,TANK,29,6,2,10319,0,14764
56,1,1,TANK,10,1,5,6631,0,15580
56,2,1,DAMAGE,15,2,5,5697,835,0
56,3,1,DAMAGE,14,0,4,5679,0,967
56,4,1,SUPPORT,6,13,5,3649,5531,0
56,5,1,SUPPORT,4,7,5,768,5328,42
56,6,2,SUPPORT,4,8,4,1562,6716,24
56,7,2,DAMAGE,13,1,6,7189,0,144
56,8,2,SUPPORT,7,12,5,1845,7232,0
56,9,2,DAMAGE,15,2,4,6656,0,412
56,10,2,TANK,13,4,4,3881,0,7269
57,1,1,TANK,21,7,9,8165,0,23241
57,2,1,DAMAGE,22,6,8,10047,0,4949
57,3,1,DAMAGE,26,0,16,8501,0,1536
57,4,1,SUPPORT,14,9,13,4340,10876,799
57,5,1,SUPPORT,11,17,14,3095,12958,1084
57,6,2,DAMAGE,20,0,8,9088,1138,49
57,7,2,DAMAGE,30,7,11,9016,0,952
57,8,2,SUPPORT,29,16,10,8232,7965,0
57,9,2,SUPPORT,16,10,7,3674,8869,186
57,10,2,TANK,41,12,8,15843,0,7390
58,1,1,TANK,9,3,15,8763,1061,2726
58,2,1,DAMAGE,11,4,4,9532,15,5760
58,3,1,DAMAGE,15,1,13,7547,1288,0
58,4,1,SUPPORT,3,2,9,3873,3780,40
58,5,1,SUPPORT,3,10,9,858,14060,1411
58,6,2,DAMAGE,25,7,5,7266,0,0
58,7,2,DAMAGE,28,4,5,9395,1371,2667
58,8,2,SUPPORT,22,20,3,5619,9192,251
58,9,2,SUPPORT,13,22,5,2579,10559,23
58,10,2,TANK,38,12,4,14203,549,10479
59,1,1,TANK,21,2,7,11491,0,15412
59,2,1,DAMAGE,23,1,15,11041,0,268
59,3,1,DAMAGE,25,1,9,13574,1125,0
59,4,1,SUPPORT,9,16,7,4155,8716,378
59,5,1,SUPPORT,2,25,7,240,12712,865
59,6,2,SUPPORT,4,13,11,1712,10017,401
59,7,2,DAMAGE,25,8,9,10727,286,982
59,8,2,TANK,20,3,7,14119,0,6721
59,9,2,SUPPORT,10,21,4,2034,14057,277
59,10,2,DAMAGE,28,9,8,9879,0,0
60,1,1,TANK,15,6,7,11094,480,6712
60,2,1,DAMAGE,8,4,3,6458,0,3003
60,3,1,DAMAGE,13,4,8,9257,75,0
60,4,1,SUPPORT,14,7,7,4807,6770,502
60,5,1,SUPPORT,6,9,7,3871,9352,2837
60,6,2,SUPPORT,3,23,1,829,12903,444
60,7,2,DAMAGE,20,0,7,8506,962,515
60,8,2,DAMAGE,19,7,6,7450,530,0
60,9,2,SUPPORT,6,16,3,3894,6718,529
60,10,2,TANK,18,8,5,8168,0,6165
61,1,1,TANK,14,1,10,10452,0,15832
61,2,1,DAMAGE,12,3,7,8170,43,4032
61,3,1,DAMAGE,12,5,8,6373,0,0
61,4,1,SUPPORT,6,4,12,3700,7590,619
61,5,1,SUPPORT,10,5,11,5481,10757,0
61,6,2,SUPPORT,18,23,6,2522,11160,784
61,7,2,DAMAGE,25,4,8,9127,671,0
61,8,2,TANK,31,5,4,12098,0,6520
61,9,2,DAMAGE,29,8,6,9285,588,2837
61,10,2,SUPPORT,14,16,3,2827,11005,0
62,1,1,TANK,13,1,8,7154,0,8747
62,2,1,DAMAGE,9,3,5,5241,0,2618
62,3,1,DAMAGE,8,0,9,4655,170,520
62,4,1,SUPPORT,2,8,5,922,7296,752
62,5,1,SUPPORT,4,7,6,1941,5836,175
62,6,2,TANK,19,8,1,6362,0,2908
62,7,2,DAMAGE,19,4,4,5653,0,0
62,8,2,SUPPORT,0,17,3,0,8225,0
62,9,2,DAMAGE,22,4,5,7761,0,289
62,10,2,SUPPORT,15,11,4,6041,5317,2605
63,1,1,TANK,3,2,3,4019,0,8887
63,2,1,DAMAGE,1,0,3,2710,0,416
63,3,1,DAMAGE,3,0,5,4534,1515,0
63,4,1,SUPPORT,1,3,5,1045,3210,0
63,5,1,SUPPORT,1,2,4,1100,4507,277
63,6,2,DAMAGE,14,1,0,4485,266,0
63,7,2,SUPPORT,7,2,2,1542,4245,152
63,8,2,DAMAGE,7,0,0,3157,97,0
63,9,2,TANK,11,2,1,2821,2394,1180
63,10,2,SUPPORT,11,6,1,3234,4037,0
64,1,1,TANK,13,5,6,9114,2300,3200
64,2,1,DAMAGE,19,7,4,8581,32,2433
64,3,1,DAMAGE,16,0,12,7797,0,249
64,4,1,SUPPORT,8,13,8,2801,6970,6
64,5,1,SUPPORT,12,8,6,4475,7487,940
64,6,2,DAMAGE,15,9,7,6218,264,0
64,7,2,SUPPORT,14,18,3,4162,10202,1629
64,8,2,TANK,20,1,7,10996,0,16819
64,9,2,DAMAGE,14,1,7,6671,580,1890
64,10,2,SUPPORT,8,15,5,1680,10465,923
65,1,1,TANK,9,1,7,6852,0,8410
65,2,1,DAMAGE,3,1,5,4932,5,3204
65,3,1,DAMAGE,10,1,8,6579,1047,0
65,4,1,SUPPORT,2,10,6,1216,7646,0
65,5,1,SUPPORT,2,6,4,1900,6071,430
65,6,2,DAMAGE,8,2,5,5545,116,910
65,7,2,TANK,22,4,1,10427,2254,1367
65,8,2,SUPPORT,10,11,1,2335,6097,790
65,9,2,DAMAGE,18,1,2,8567,510,0
65,10,2,SUPPORT,0,21,2,0,8240,0
66,1,1,TANK,8,1,7,7866,942,5071
66,2,1,DAMAGE,9,3,4,5777,30,875
66,3,1,DAMAGE,6,0,6,5662,945,0
66,4,1,SUPPORT,2,4,6,2098,4938,752
66,5,1,SUPPORT,4,2,6,1713,5852,262
66,6,2,SUPPORT,6,15,1,1156,10597,368
66,7,2,SUPPORT,10,14,3,2708,5666,0
66,8,2,DAMAGE,15,3,4,4194,601,3623
66,9,2,TANK,19,8,3,6611,0,10088
66,10,2,DAMAGE,18,3,3,8592,0,0
67,1,1,TANK,20,4,9,12954,0,8280
67,2,1,DAMAGE,17,4,12,8076,32,5761
67,3,1,DAMAGE,14,2,12,9388,245,0
67,4,1,SUPPORT,0,16,10,374,10028,0
67,5,1,SUPPORT,11,10,9,4963,8595,673
67,6,2,DAMAGE,38,0,8,11426,0,619
67,7,2,DAMAGE,19,9,4,6709,1300,3715
67,8,2,SUPPORT,20,27,5,2778,12234,667
67,9,2,SUPPORT,15,24,5,3025,11611,0
67,10,2,TANK,26,4,8,10529,0,16245
68,1,1,TANK,10,1,11,14876,4207,12288
68,2,1,DAMAGE,13,2,9,9775,7,2227
68,3,1,DAMAGE,8,3,14,12126,499,82
68,4,1,SUPPORT,11,3,7,5576,11386,924
68,5,1,SUPPORT,10,6,8,7523,11482,841
68,6,2,DAMAGE,27,0,4,11049,0,1104
68,7,2,SUPPORT,17,19,4,4402,16148,940
68,8,2,SUPPORT,10,26,2,1694,16231,1540
68,9,2,TANK,28,3,4,15942,6027,8971
68,10,2,DAMAGE,31,7,6,13622,948,2389
69,1,1,TANK,23,1,17,8774,0,14801
69,2,1,DAMAGE,27,14,6,14089,0,9682
69,3,1,DAMAGE,33,5,11,14576,0,0
69,4,1,SUPPORT,16,21,8,9951,9926,0
69,5,1,SUPPORT,22,16,9,9388,10530,795
69,6,2,TANK,31,8,10,12330,15168,2557
69,7,2,DAMAGE,26,1,14,10627,1193,60
69,8,2,DAMAGE,20,12,10,7623,0,0
69,9,2,SUPPORT,16,28,11,4909,10841,269
69,10,2,SUPPORT,16,22,10,3482,11343,1320
70,1,1,TANK,13,2,6,7160,5302,888
70,2,1,DAMAGE,4,0,5,4323,47,3170
70,3,1,DAMAGE,11,0,10,5781,0,85
70,4,1,SUPPORT,2,2,9,2212,5446,675
70,5,1,SUPPORT,9,9,8,4199,4182,0
70,6,2,TANK,24,1,4,11134,0,8886
70,7,2,DAMAGE,14,2,6,7287,0,0
70,8,2,DAMAGE,5,1,6,5422,0,970
70,9,2,SUPPORT,7,12,4,1939,7524,869
70,10,2,SUPPORT,13,16,4,3543,7189,0
71,1,1,TANK,10,3,4,7222,0,6420
71,2,1,DAMAGE,9,3,3,4438,56,773
71,3,1,DAMAGE,11,2,7,6144,279,212
71,4,1,SUPPORT,9,6,5,1863,3452,602
71,5,1,SUPPORT,1,6,3,60,6660,0
71,6,2,TANK,12,1,2,8231,225,7086
71,7,2,DAMAGE,5,2,6,2559,0,94
71,8,2,DAMAGE,12,3,6,4079,272,0
71,9,2,SUPPORT,8,8,2,2341,5512,0
71,10,2,SUPPORT,5,12,3,1325,5272,2329
72,1,1,TANK,31,9,14,17922,1836,9581
72,2,1,DAMAGE,23,6,9,13636,7,4789
72,3,1,DAMAGE,26,0,14,13746,2513,0
72,4,1,SUPPORT,10,14,11,6883,9797,846
72,5,1,SUPPORT,6,24,9,2745,17972,0
72,6,2,TANK,39,5,7,16021,0,18622
72,7,2,DAMAGE,28,2,10,17564,0,0
72,8,2,DAMAGE,24,4,10,14717,0,0
72,9,2,SUPPORT,18,28,9,5863,15382,1261
72,10,2,SUPPORT,1,38,9,80,22445,0
73,1,1,TANK,14,2,8,10158,0,21706
73,2,1,DAMAGE,14,6,10,8968,0,0
73,3,1,DAMAGE,16,3,9,8097,1379,0
73,4,1,SUPPORT,5,15,10,3668,7911,369
73,5,1,SUPPORT,12,14,7,4724,13113,0
73,6,2,TANK,23,5,3,12607,3818,6458
73,7,2,DAMAGE,27,2,4,10719,0,1100
73,8,2,DAMAGE,15,4,8,7021,716,1496
73,9,2,SUPPORT,15,14,5,4233,12395,145
73,10,2,SUPPORT,11,21,5,2463,10447,127
74,1,1,TANK,15,0,8,9830,0,23263
74,2,1,DAMAGE,9,1,16,8536,157,164
74,3,1,DAMAGE,14,0,12,9024,995,0
74,4,1,SUPPORT,12,6,13,6418,7434,304
74,5,1,SUPPORT,7,5,10,2490,8386,764
74,6,2,TANK,18,7,4,6021,2513,7530
74,7,2,DAMAGE,31,3,7,9965,368,591
74,8,2,DAMAGE,29,8,8,9222,0,766
74,9,2,SUPPORT,25,9,3,5615,12122,245
74,10,2,SUPPORT,22,1,7,4855,9870,75
75,1,1,TANK,19,5,7,7284,0,4911
75,2,1,DAMAGE,16,2,5,6361,86,1977
75,3,1,DAMAGE,13,0,6,8194,0,78
75,4,1,SUPPORT,6,12,6,3406,6389,0
75,5,1,SUPPORT,5,10,5,3127,4954,244
75,6,2,TANK,16,5,3,8092,0,13960
75,7,2,DAMAGE,11,3,5,4746,0,0
75,8,2,DAMAGE,20,0,7,7146,0,790
75,9,2,SUPPORT,3,12,6,875,7886,309
75,10,2,SUPPORT,0,20,4,40,12448,0
76,1,1,TANK,18,3,17,12626,323,12725
76,2,1,DAMAGE,17,4,6,9059,14,2931
76,3,1,DAMAGE,18,2,17,11288,931,0
76,4,1,SUPPORT,13,17,14,5079,11884,0
76,5,1,SUPPORT,13,12,15,3419,13404,353
76,6,2,TANK,42,19,3,14703,0,7914
76,7,2,DAMAGE,36,2,15,11254,38,2109
76,8,2,DAMAGE,38,6,6,13906,0,94
76,9,2,SUPPORT,27,23,7,8108,13753,1520
76,10,2,SUPPORT,16,39,7,3271,14688,0
77,1,1,TANK,16,5,11,9255,79,10221
77,2,1,DAMAGE,17,4,4,9433,4,3662
77,3,1,DAMAGE,21,1,14,11259,0,2621
77,4,1,SUPPORT,10,17,9,4515,10178,496
77,5,1,SUPPORT,1,18,7,113,17714,1061
77,6,2,TANK,28,9,4,14580,0,8670
77,7,2,DAMAGE,22,3,6,8956,839,0
77,8,2,DAMAGE,12,6,9,6282,0,402
77,9,2,SUPPORT,19,12,6,8994,8385,0
77,10,2,SUPPORT,24,24,5,8424,13051,926
78,1,1,TANK,6,1,4,7742,0,10594
78,2,1,DAMAGE,3,0,7,4517,0,470
78,3,1,DAMAGE,3,0,6,3986,0,0
78,4,1,SUPPORT,3,2,7,2233,3570,0
78,5,1,SUPPORT,4,6,4,751,7897,185
78,6,2,TANK,18,3,1,7212,0,5433
78,7,2,DAMAGE,17,3,5,3559,410,0
78,8,2,DAMAGE,16,0,1,5585,478,150
78,9,2,SUPPORT,12,16,2,3503,6063,0
78,10,2,SUPPORT,2,13,2,585,7085,0
79,1,1,TANK,16,4,7,7182,0,14093
79,2,1,DAMAGE,24,1,5,8965,0,72
79,3,1,DAMAGE,11,0,12,5403,0,755
79,4,1,SUPPORT,7,12,5,2406,7570,75
79,5,1,SUPPORT,11,10,2,4623,6583,0
79,6,2,TANK,16,3,7,9118,428,4919
79,7,2,DAMAGE,15,0,6,5408,191,892
79,8,2,DAMAGE,15,4,8,6356,0,0
79,9,2,SUPPORT,9,13,4,2317,9277,6168
79,10,2,SUPPORT,13,11,5,1751,6605,519
80,1,1,TANK,13,3,9,9773,0,17147
80,2,1,DAMAGE,25,0,8,8010,145,904
80,3,1,DAMAGE,29,8,5,11535,899,78
80,4,1,SUPPORT,4,14,3,1676,15814,431
80,5,1,SUPPORT,11,3,7,4446,1694,0
80,6,2,TANK,24,2,6,13466,0,6589
80,7,2,DAMAGE,17,1,9,7636,975,0
80,8,2,DAMAGE,10,1,11,5778,279,219
80,9,2,SUPPORT,0,26,6,0,12981,0
80,10,2,SUPPORT,14,12,8,4530,9392,0
81,1,1,TANK,7,3,7,8524,1495,5152
81,2,1,DAMAGE,10,3,7,7891,0,0
81,3,1,DAMAGE,8,0,8,5671,617,1102
81,4,1,SUPPORT,4,6,4,1994,7152,1974
81,5,1,SUPPORT,4,10,5,1282,6783,0
81,6,2,TANK,19,8,2,10965,2382,3715
81,7,2,DAMAGE,20,1,4,9813,0,14
81,8,2,DAMAGE,17,4,4,7360,59,0
81,9,2,SUPPORT,8,16,3,2157,8281,850
81,10,2,SUPPORT,0,25,4,0,6257,0
82,1,1,TANK,18,5,14,17235,708,13268
82,2,1,DAMAGE,23,7,15,11632,1463,726
82,3,1,DAMAGE,28,2,13,15651,1023,129
82,4,1,SUPPORT,11,23,5,4222,11960,4298
82,5,1,SUPPORT,11,15,13,2996,12380,1796
82,6,2,TANK,42,21,6,20623,2553,6654
82,7,2,DAMAGE,34,1,10,15022,0,0
82,8,2,DAMAGE,28,12,14,8100,1626,903
82,9,2,SUPPORT,13,31,8,2813,15319,1231
82,10,2,SUPPORT,27,33,6,4511,12847,1615
83,1,1,TANK,15,3,11,10458,1500,6807
83,2,1,DAMAGE,20,1,12,10867,528,934
83,3,1,DAMAGE,22,2,12,10057,217,0
83,4,1,SUPPORT,11,16,3,3919,9527,4120
83,5,1,SUPPORT,3,17,6,2152,12322,182
83,6,2,TANK,29,7,7,13062,5108,1615
83,7,2,DAMAGE,29,0,8,9443,13,13
83,8,2,DAMAGE,24,5,11,12924,1667,0
83,9,2,SUPPORT,13,20,6,2335,9931,607
83,10,2,SUPPORT,14,19,3,3554,8673,0
84,1,1,TANK,19,2,7,8719,67,9445
84,2,1,DAMAGE,6,4,10,3385,968,2941
84,3,1,DAMAGE,12,0,10,6674,562,765
84,4,1,SUPPORT,11,19,5,2830,13244,4083
84,5,1,SUPPORT,11,11,7,4225,9539,527
84,6,2,TANK,25,8,5,13085,0,6966
84,7,2,DAMAGE,28,4,2,12807,411,262
84,8,2,DAMAGE,21,12,8,8315,81,1120
84,9,2,SUPPORT,13,19,5,3520,9140,1438
84,10,2,SUPPORT,14,23,4,2181,8141,499
85,1,1,TANK,8,2,9,7039,0,9687
85,2,1,DAMAGE,12,0,8,8414,265,603
85,3,1,DAMAGE,6,2,11,6306,65,0
85,4,1,SUPPORT,5,9,5,2342,7045,2509
85,5,1,SUPPORT,3,10,7,620,8523,0
85,6,2,TANK,27,4,3,9733,1109,4619
85,7,2,DAMAGE,23,0,6,6456,203,3163
85,8,2,DAMAGE,33,0,3,11810,0,0
85,9,2,SUPPORT,9,14,4,2165,5495,0
85,10,2,SUPPORT,2,31,2,465,10218,0
86,1,1,TANK,15,3,7,7120,334,3292
86,2,1,DAMAGE,19,4,9,8072,0,0
86,3,1,DAMAGE,15,0,5,6963,0,0
86,4,1,SUPPORT,3,11,4,1748,9114,4191
86,5,1,SUPPORT,7,9,6,4215,3899,208
86,6,2,TANK,15,2,4,5193,5213,591
86,7,2,DAMAGE,21,1,9,7995,814,0
86,8,2,DAMAGE,12,2,6,6028,0,0
86,9,2,SUPPORT,19,10,4,5104,4914,0
86,10,2,SUPPORT,4,14,5,1276,8317,2029
87,1,1,TANK,20,3,9,11523,0,28716
87,2,1,DAMAGE,22,2,12,9253,215,22
87,3,1,DAMAGE,11,2,15,8010,203,2583
87,4,1,SUPPORT,8,16,8,2637,12821,4192
87,5,1,SUPPORT,8,10,8,2081,15093,939
87,6,2,TANK,26,2,8,13543,643,9950
87,7,2,DAMAGE,19,3,9,8086,0,0
87,8,2,DAMAGE,28,8,9,11938,0,0
87,9,2,SUPPORT,11,20,6,2544,10160,138
87,10,2,SUPPORT,28,32,2,9586,9446,0
88,1,1,TANK,3,2,7,4533,112,9011
88,2,1,DAMAGE,7,0,6,3701,0,0
88,3,1,DAMAGE,7,0,8,4683,0,1823
88,4,1,SUPPORT,0,4,3,700,3695,1751
88,5,1,SUPPORT,5,3,8,1344,3647,519
88,6,2,TANK,20,2,0,6350,0,8441
88,7,2,DAMAGE,25,0,0,6918,1353,0
88,8,2,DAMAGE,7,0,5,2890,0,250
88,9,2,SUPPORT,4,16,3,821,4870,238
88,10,2,SUPPORT,12,19,4,2558,3998,0
89,1,1,TANK,5,1,8,5527,0,12649
89,2,1,DAMAGE,2,1,9,4159,0,155
89,3,1,DAMAGE,6,1,7,4370,1147,0
89,4,1,SUPPORT,4,7,4,2193,6153,2860
89,5,1,SUPPORT,4,4,5,1934,7654,603
89,6,2,TANK,26,2,1,10023,0,17032
89,7,2,DAMAGE,13,1,3,6103,49,458
89,8,2,DAMAGE,18,2,3,5184,0,0
89,9,2,SUPPORT,15,19,1,3175,4780,0
89,10,2,SUPPORT,11,23,1,2659,8154,217
90,1,1,TANK,16,4,16,10772,52,9468
90,2,1,DAMAGE,16,3,13,12813,0,836
90,3,1,DAMAGE,19,1,13,12877,595,1658
90,4,1,SUPPORT,9,14,10,3193,11261,4458
90,5,1,SUPPORT,4,13,8,1695,10999,162
90,6,2,TANK,38,15,5,16412,0,10360
90,7,2,DAMAGE,33,3,8,9236,426,114
90,8,2,DAMAGE,26,4,7,8481,335,0
90,9,2,SUPPORT,12,30,6,1344,16806,1387
90,10,2,SUPPORT,37,33,6,8752,11601,0
91,1,1,TANK,17,1,6,7638,1800,11624
91,2,1,DAMAGE,14,0,13,5893,0,0
91,3,1,DAMAGE,16,3,10,5354,667,118
91,4,1,SUPPORT,10,21,3,3647,9471,4421
91,5,1,SUPPORT,12,15,5,4561,10615,164
91,6,2,TANK,14,5,6,9476,0,5053
91,7,2,DAMAGE,19,1,8,9513,14,273
91,8,2,DAMAGE,21,4,8,6393,0,74
91,9,2,SUPPORT,9,14,5,2748,7205,121
91,10,2,SUPPORT,16,11,4,6348,9005,267
92,1,1,TANK,2,0,10,3755,0,2171
92,2,1,DAMAGE,5,0,4,5290,0,433
92,3,1,DAMAGE,8,2,5,4919,0,97
92,4,1,SUPPORT,4,1,4,1529,2373,0
92,5,1,SUPPORT,3,3,0,1429,3581,685
92,6,2,TANK,15,5,3,5099,47,2943
92,7,2,DAMAGE,14,0,3,3873,0,0
92,8,2,DAMAGE,10,1,3,3920,0,0
92,9,2,SUPPORT,17,9,2,3859,4224,0
92,10,2,SUPPORT,0,19,2,0,6911,0
93,1,1,TANK,14,3,10,13920,2181,8682
93,2,1,DAMAGE,15,3,14,7464,0,0
93,3,1,DAMAGE,9,2,12,11333,0,293
93,4,1,SUPPORT,9,8,5,1658,9291,2157
93,5,1,SUPPORT,1,13,9,203,12770,0
93,6,2,TANK,24,6,4,8458,100,11264
93,7,2,DAMAGE,27,6,8,13259,486,0
93,8,2,DAMAGE,32,0,7,10962,0,2683
93,9,2,SUPPORT,16,21,5,4000,10023,713
93,10,2,SUPPORT,16,34,5,6704,12275,5554
94,1,1,TANK,1,0,9,2546,0,5239
94,2,1,DAMAGE,2,0,8,4245,1167,0
94,3,1,DAMAGE,6,0,8,5191,0,0
94,4,1,SUPPORT,3,1,6,2811,4388,0
94,5,1,SUPPORT,0,1,3,438,4778,1736
94,6,2,TANK,25,11,1,5905,672,1307
94,7,2,DAMAGE,19,1,2,6472,0,0
94,8,2,DAMAGE,14,0,1,6883,0,374
94,9,2,SUPPORT,16,12,3,3323,6376,0
94,10,2,SUPPORT,4,9,1,1253,4735,115
95,1,1,TANK,15,1,14,10630,323,12062
95,2,1,DAMAGE,20,0,12,8799,225,1133
95,3,1,DAMAGE,13,2,14,9624,78,0
95,4,1,SUPPORT,4,8,7,1732,8006,2593
95,5,1,SUPPORT,6,8,11,2752,6561,153
95,6,2,TANK,37,10,3,11780,1304,9441
95,7,2,DAMAGE,25,5,7,8521,338,588
95,8,2,DAMAGE,35,5,4,8684,384,430
95,9,2,SUPPORT,18,30,8,2680,9704,707
95,10,2,SUPPORT,27,35,3,4811,12484,0
96,1,1,TANK,17,5,16,11411,0,18074
96,2,1,DAMAGE,16,9,13,13184,0,2441
96,3,1,DAMAGE,19,5,16,9885,0,75
96,4,1,SUPPORT,12,11,3,3582,13096,600
96,5,1,SUPPORT,17,10,9,6901,14417,249
96,6,2,TANK,40,5,7,14588,0,17476
96,7,2,DAMAGE,37,12,5,12516,1044,8359
96,8,2,DAMAGE,24,1,12,10582,0,314
96,9,2,SUPPORT,18,30,9,6781,15929,223
96,10,2,SUPPORT,19,34,5,2530,14801,1535
97,1,1,TANK,11,4,8,6675,1387,1755
97,2,1,DAMAGE,21,2,7,12705,0,0
97,3,1,DAMAGE,14,4,9,8908,0,1355
97,4,1,SUPPORT,16,10,6,6660,7520,0
97,5,1,SUPPORT,7,15,7,2838,7228,213
97,6,2,TANK,16,4,6,6597,2390,2618
97,7,2,DAMAGE,22,2,8,9081,604,913
97,8,2,DAMAGE,18,0,5,8528,0,215
97,9,2,SUPPORT,18,12,5,4102,7569,1477
97,10,2,SUPPORT,14,23,6,4928,8264,0
98,1,1,TANK,12,7,7,8598,1710,2533
98,2,1,DAMAGE,15,1,10,7036,1711,0
98,3,1,DAMAGE,18,0,8,10516,0,762
98,4,1,SUPPORT,14,9,10,5093,7131,684
98,5,1,SUPPORT,3,16,8,1998,8817,952
98,6,2,TANK,31,8,5,10231,0,11110
98,7,2,DAMAGE,19,1,8,8093,545,0
98,8,2,DAMAGE,26,0,6,11522,0,1726
98,9,2,SUPPORT,17,32,5,7379,8445,0
98,10,2,SUPPORT,10,18,4,2134,8776,454
99,1,1,TANK,15,4,9,9703,2166,2482
99,2,1,DAMAGE,20,0,10,12308,2255,40
99,3,1,DAMAGE,14,3,12,6454,0,0
99,4,1,SUPPORT,10,20,9,3028,10184,0
99,5,1,SUPPORT,7,16,10,3322,6657,1536
99,6,2,TANK,30,3,5,10484,0,12387
99,7,2,DAMAGE,30,0,8,13984,0,3629
99,8,2,DAMAGE,28,2,7,11686,1131,0
99,9,2,SUPPORT,10,26,6,2507,10117,399
99,10,2,SUPPORT,12,30,8,4368,8692,0
100,1,1,TANK,34,14,9,13831,3608,4164
100,2,1,DAMAGE,41,6,16,20644,0,0
100,3,1,DAMAGE,33,0,14,11716,437,2339
100,4,1,SUPPORT,27,36,12,11067,14117,0
100,5,1,SUPPORT,19,32,10,4188,12974,492
100,6,2,TANK,38,9,11,12566,0,20551
100,7,2,DAMAGE,40,1,14,19657,0,7326
100,8,2,DAMAGE,41,2,13,19200,1170,0
100,9,2,SUPPORT,16,28,13,5069,15764,373
100,10,2,SUPPORT,9,40,8,4358,16808,0
101,1,1,TANK,22,7,6,11411,2256,2953
101,2,1,DAMAGE,20,4,5,8930,0,0
101,3,1,DAMAGE,21,3,10,8314,0,0
101,4,1,SUPPORT,0,17,5,1534,9472,2693
101,5,1,SUPPORT,15,18,6,5577,8337,648
101,6,2,TANK,13,8,5,10670,0,9711
101,7,2,DAMAGE,16,3,8,6187,488,44
101,8,2,DAMAGE,20,0,8,12917,1392,0
101,9,2,SUPPORT,12,11,8,4265,7113,218
101,10,2,SUPPORT,14,13,7,3469,9314,0
102,1,1,TANK,10,3,6,11519,2580,2251
102,2,1,DAMAGE,13,2,5,6208,0,0
102,3,1,DAMAGE,9,0,11,6008,801,705
102,4,1,SUPPORT,6,12,6,3541,6437,486
102,5,1,SUPPORT,4,7,8,4288,5777,0
102,6,2,TANK,22,3,1,10823,246,8714
102,7,2,DAMAGE,21,3,5,8310,1454,1907
102,8,2,DAMAGE,22,1,3,8462,0,0
102,9,2,SUPPORT,9,17,6,2083,8948,293
102,10,2,SUPPORT,8,17,3,1915,8756,432
103,1,1,TANK,12,4,6,8766,0,12576
103,2,1,DAMAGE,20,0,7,10354,0,122
103,3,1,DAMAGE,7,2,10,5344,275,0
103,4,1,SUPPORT,8,11,6,3969,6879,354
103,5,1,SUPPORT,13,11,4,6235,10577,419
103,6,2,TANK,19,3,3,11480,0,8766
103,7,2,DAMAGE,20,4,4,7627,0,0
103,8,2,DAMAGE,13,4,10,6926,406,0
103,9,2,SUPPORT,12,12,7,5209,7052,375
103,10,2,SUPPORT,3,19,5,903,12382,161
104,1,1,TANK,19,3,9,13594,0,7733
104,2,1,DAMAGE,15,2,9,7692,0,0
104,3,1,DAMAGE,15,0,13,8817,839,1193
104,4,1,SUPPORT,7,10,11,5540,11744,1412
104,5,1,SUPPORT,12,17,12,4641,8470,948
104,6,2,TANK,40,12,7,14681,672,6954
104,7,2,DAMAGE,30,6,4,12886,0,0
104,8,2,DAMAGE,31,0,6,9487,193,10
104,9,2,SUPPORT,3,32,5,883,12248,0
104,10,2,SUPPORT,26,34,5,7180,9455,283
105,1,1,TANK,17,3,6,10904,0,13384
105,2,1,DAMAGE,15,0,3,11176,0,0
105,3,1,DAMAGE,14,3,7,13342,1146,2037
105,4,1,SUPPORT,4,9,8,2028,9788,534
105,5,1,SUPPORT,2,17,4,368,13413,0
105,6,2,TANK,22,12,2,12560,0,9258
105,7,2,DAMAGE,19,2,7,9857,348,0
105,8,2,DAMAGE,11,1,6,10355,1207,100
105,9,2,SUPPORT,20,16,7,5921,11187,0
105,10,2,SUPPORT,0,18,2,0,14127,0
106,1,1,TANK,14,0,15,11660,575,9859
106,2,1,DAMAGE,13,5,14,11285,70,185
106,3,1,DAMAGE,14,1,11,11700,0,1049
106,4,1,SUPPORT,8,6,6,5923,10606,1076
106,5,1,SUPPORT,10,11,10,6944,10458,0
106,6,2,TANK,24,5,6,13229,0,18015
106,7,2,DAMAGE,26,2,10,10378,0,965
106,8,2,DAMAGE,36,0,8,14436,0,882
106,9,2,SUPPORT,17,22,5,3543,14959,975
106,10,2,SUPPORT,17,36,6,4994,10994,0
107,1,1,TANK,27,7,9,16302,639,12059
107,2,1,DAMAGE,30,5,9,14999,0,0
107,3,1,DAMAGE,19,4,17,11566,0,402
107,4,1,SUPPORT,17,18,9,6896,12834,1093
107,5,1,SUPPORT,13,22,11,5898,12442,0
107,6,2,TANK,34,4,5,14474,0,8245
107,7,2,DAMAGE,29,5,10,13849,1842,18
107,8,2,DAMAGE,34,5,14,14818,403,199
107,9,2,SUPPORT,21,27,7,9583,14884,195
107,10,2,SUPPORT,6,26,8,2294,13388,500
108,1,1,TANK,4,2,8,4868,0,6881
108,2,1,DAMAGE,7,2,6,3505,0,0
108,3,1,DAMAGE,8,1,6,4782,0,0
108,4,1,SUPPORT,6,6,5,2749,4362,55
108,5,1,SUPPORT,1,4,5,188,4282,0
108,6,2,TANK,19,2,2,7557,0,7884
108,7,2,DAMAGE,16,5,2,4518,0,0
108,8,2,DAMAGE,9,5,2,4887,0,0
108,9,2,SUPPORT,8,18,2,1054,5747,146
108,10,2,SUPPORT,12,16,3,2924,3948,0
109,1,1,TANK,23,5,7,15187,0,8799
109,2,1,DAMAGE,14,1,12,10162,0,0
109,3,1,DAMAGE,16,0,17,9658,144,490
109,4,1,SUPPORT,13,16,10,5787,8524,940
109,5,1,SUPPORT,12,13,10,4152,10545,220
109,6,2,TANK,26,8,4,12530,0,7270
109,7,2,DAMAGE,29,3,7,10401,0,0
109,8,2,DAMAGE,38,0,5,13602,0,1478
109,9,2,SUPPORT,14,25,10,3957,12229,804
109,10,2,SUPPORT,12,18,7,3838,11059,712
110,1,1,TANK,17,4,4,12069,0,13910
110,2,1,DAMAGE,17,0,9,10364,0,0
110,3,1,DAMAGE,18,5,10,9636,0,77
110,4,1,SUPPORT,10,12,12,3642,8731,787
110,5,1,SUPPORT,14,12,7,4647,13278,0
110,6,2,TANK,32,4,4,18392,586,14667
110,7,2,DAMAGE,25,6,6,10236,0,0
110,8,2,DAMAGE,15,1,9,6967,310,654
110,9,2,SUPPORT,15,12,7,6790,11095,779
110,10,2,SUPPORT,10,21,6,3665,11013,832
111,1,1,TANK,24,8,13,17754,3900,12356
111,2,1,DAMAGE,31,3,8,12428,0,0
111,3,1,DAMAGE,34,3,10,11485,0,0
111,4,1,SUPPORT,10,27,5,2982,15306,665
111,5,1,SUPPORT,22,19,7,5832,12925,0
111,6,2,TANK,27,5,5,15323,879,4780
111,7,2,DAMAGE,24,0,13,10282,1435,0
111,8,2,DAMAGE,18,1,19,9968,545,0
111,9,2,SUPPORT,27,14,10,14313,10140,0
111,10,2,SUPPORT,18,23,7,5859,9842,479
112,1,1,TANK,29,8,18,19027,375,16048
112,2,1,DAMAGE,27,5,11,17405,0,0
112,3,1,DAMAGE,19,3,17,16708,236,0
112,4,1,SUPPORT,2,33,5,134,22801,0
112,5,1,SUPPORT,15,15,12,7367,11959,1339
112,6,2,TANK,31,7,9,18884,450,15914
112,7,2,DAMAGE,38,1,9,19390,815,114
112,8,2,DAMAGE,43,2,8,18958,1540,1750
112,9,2,SUPPORT,25,23,10,6317,13486,618
112,10,2,SUPPORT,15,37,11,3623,15816,320
113,1,1,TANK,20,5,16,14930,431,15654
113,2,1,DAMAGE,23,2,7,15312,0,0
113,3,1,DAMAGE,17,0,16,14156,0,4080
113,4,1,SUPPORT,8,24,10,4557,13593,0
113,5,1,SUPPORT,10,19,11,7543,8712,4
113,6,2,TANK,45,28,5,10021,0,20899
113,7,2,DAMAGE,37,3,11,10723,2267,0
113,8,2,DAMAGE,46,0,8,20508,0,778
113,9,2,SUPPORT,5,31,7,1511,13355,866
113,10,2,SUPPORT,30,38,4,7120,19970,0
114,1,1,TANK,14,3,6,7973,89,3625
114,2,1,DAMAGE,14,0,4,6485,0,0
114,3,1,DAMAGE,13,3,8,5229,255,0
114,4,1,SUPPORT,11,10,6,2720,5848,0
114,5,1,SUPPORT,5,8,6,2297,4110,326
114,6,2,TANK,11,3,4,5901,782,2762
114,7,2,DAMAGE,21,0,6,6328,0,0
114,8,2,DAMAGE,15,0,7,6409,0,1114
114,9,2,SUPPORT,6,14,4,902,6327,104
114,10,2,SUPPORT,18,14,2,3971,7059,0
115,1,1,TANK,17,2,7,10282,0,14903
115,2,1,DAMAGE,11,1,5,12067,0,0
115,3,1,DAMAGE,15,1,12,9509,181,1986
115,4,1,SUPPORT,8,7,7,3146,10133,288
115,5,1,SUPPORT,1,18,4,454,14172,0
115,6,2,TANK,22,4,2,12671,291,5837
115,7,2,DAMAGE,19,1,5,11642,773,0
115,8,2,DAMAGE,24,3,8,12738,0,0
115,9,2,SUPPORT,0,27,4,408,12728,0
115,10,2,SUPPORT,9,14,3,4064,8687,0
116,1,1,TANK,22,3,8,15812,756,6767
116,2,1,DAMAGE,18,4,6,7926,0,0
116,3,1,DAMAGE,20,0,9,7538,181,1599
116,4,1,SUPPORT,26,22,8,6648,9807,0
116,5,1,SUPPORT,9,22,8,2306,11806,268
116,6,2,TANK,27,17,6,10900,2121,3634
116,7,2,DAMAGE,24,0,9,9433,0,830
116,8,2,DAMAGE,20,2,7,6719,0,0
116,9,2,SUPPORT,20,21,5,5952,7756,1914
116,10,2,SUPPORT,23,19,7,7319,9882,0
117,1,1,TANK,16,3,8,16467,0,9202
117,2,1,DAMAGE,25,1,6,12082,0,0
117,3,1,DAMAGE,24,3,9,15654,0,167
117,4,1,SUPPORT,4,15,5,3323,17326,177
117,5,1,SUPPORT,14,14,7,6212,12438,833
117,6,2,TANK,15,0,8,10639,0,24058
117,7,2,DAMAGE,22,3,11,18534,409,0
117,8,2,DAMAGE,26,0,8,18889,0,2321
117,9,2,SUPPORT,8,24,6,1924,16684,731
117,10,2,SUPPORT,4,24,4,679,18049,592
118,1,1,TANK,0,0,1,2760,0,3429
118,2,1,DAMAGE,2,0,6,1467,0,0
118,3,1,DAMAGE,0,0,1,2173,0,0
118,4,1,SUPPORT,2,1,6,3624,1699,0
118,5,1,SUPPORT,0,1,4,1211,3787,0
118,6,2,TANK,13,3,0,4697,0,4681
118,7,2,DAMAGE,7,0,1,4331,0,0
118,8,2,DAMAGE,7,1,1,2875,0,0
118,9,2,SUPPORT,6,14,0,759,4973,0
118,10,2,SUPPORT,7,13,0,1838,4534,0
119,1,1,TANK,9,0,8,10634,0,8729
119,2,1,DAMAGE,14,5,5,5401,0,0
119,3,1,DAMAGE,19,2,9,9661,0,628
119,4,1,SUPPORT,6,14,8,3473,7945,547
119,5,1,SUPPORT,6,15,6,411,11314,0
119,6,2,TANK,24,9,4,10090,0,13356
119,7,2,DAMAGE,21,0,9,8712,50,379
119,8,2,DAMAGE,24,4,4,10733,0,852
119,9,2,SUPPORT,9,15,5,2998,6795,29
119,10,2,SUPPORT,16,17,2,5797,9612,0
120,1,1,TANK,18,4,8,9031,856,4679
120,2,1,DAMAGE,23,0,9,10723,2533,0
120,3,1,DAMAGE,20,7,5,7839,0,0
120,4,1,SUPPORT,9,10,7,4003,10807,1927
120,5,1,SUPPORT,17,11,7,5013,11486,816
120,6,2,TANK,21,4,9,11068,338,5431
120,7,2,DAMAGE,23,0,4,10810,0,0
120,8,2,DAMAGE,16,7,6,6272,150,359
120,9,2,SUPPORT,19,25,6,5254,9914,3352
120,10,2,SUPPORT,21,14,6,9718,7831,0
121,1,1,TANK,6,1,12,9648,0,11848
121,2,1,DAMAGE,5,0,6,7244,0,1356
121,3,1,DAMAGE,8,0,9,8317,212,1331
121,4,1,SUPPORT,1,8,6,1605,11348,567
121,5,1,SUPPORT,6,3,9,5212,7462,1342
121,6,2,TANK,29,9,2,9513,79,10450
121,7,2,DAMAGE,23,9,4,10891,0,0
121,8,2,DAMAGE,25,2,3,12206,0,478
121,9,2,SUPPORT,16,23,2,5265,10697,0
121,10,2,SUPPORT,17,21,3,4027,9440,1857
122,1,1,TANK,0,0,4,5177,269,4785
122,2,1,DAMAGE,1,0,2,2043,0,445
122,3,1,DAMAGE,1,0,5,3669,488,0
122,4,1,SUPPORT,0,0,3,95,5662,150
122,5,1,SUPPORT,0,0,6,287,5149,0
122,6,2,TANK,11,0,0,5614,0,10038
122,7,2,DAMAGE,10,4,0,3740,310,547
122,8,2,DAMAGE,15,5,0,6727,0,0
122,9,2,SUPPORT,9,7,1,3419,4563,0
122,10,2,SUPPORT,3,11,1,1409,3350,0
123,1,1,TANK,7,5,13,7015,3648,4389
123,2,1,DAMAGE,11,0,9,8920,0,1707
123,3,1,DAMAGE,14,0,17,13356,2104,0
123,4,1,SUPPORT,8,6,13,6686,7203,244
123,5,1,SUPPORT,5,6,8,3252,10405,0
123,6,2,TANK,35,7,3,10954,664,5268
123,7,2,DAMAGE,30,2,6,11610,1058,0
123,8,2,DAMAGE,36,2,5,18011,0,311
123,9,2,SUPPORT,37,24,4,7948,13021,170
123,10,2,SUPPORT,11,41,3,3011,10581,0
124,1,1,TANK,6,3,5,6517,0,3694
124,2,1,DAMAGE,14,0,3,6482,0,200
124,3,1,DAMAGE,19,0,6,9388,0,0
124,4,1,SUPPORT,6,9,7,1996,6032,14
124,5,1,SUPPORT,7,13,9,4042,5183,1406
124,6,2,TANK,19,3,5,8101,440,6163
124,7,2,DAMAGE,18,3,6,8683,549,1912
124,8,2,DAMAGE,15,4,6,9177,163,1426
124,9,2,SUPPORT,12,14,4,2995,4844,346
124,10,2,SUPPORT,15,17,2,3881,9166,0
125,1,1,TANK,7,3,5,5735,468,3469
125,2,1,DAMAGE,7,0,5,3544,0,434
125,3,1,DAMAGE,10,3,4,8147,0,0
125,4,1,SUPPORT,6,6,5,3074,7760,673
125,5,1,SUPPORT,3,7,4,902,10853,4
125,6,2,TANK,15,3,2,6731,0,11078
125,7,2,DAMAGE,15,2,3,10494,739,0
125,8,2,DAMAGE,15,0,3,5989,0,873
125,9,2,SUPPORT,12,16,0,4735,8134,0
125,10,2,SUPPORT,3,20,3,2200,6313,0
126,1,1,TANK,6,1,8,4507,665,10484
126,2,1,DAMAGE,7,0,4,4528,0,83
126,3,1,DAMAGE,6,0,7,4209,0,40
126,4,1,SUPPORT,5,8,4,1758,6765,0
126,5,1,SUPPORT,4,7,6,2944,6271,0
126,6,2,TANK,14,2,2,8923,0,4241
126,7,2,DAMAGE,14,1,1,7844,0,127
126,8,2,DAMAGE,17,0,4,4720,0,563
126,9,2,SUPPORT,14,18,1,4439,5704,0
126,10,2,SUPPORT,8,13,3,1407,5971,0
127,1,1,TANK,14,6,10,8927,0,8715
127,2,1,DAMAGE,17,0,19,9104,0,757
127,3,1,DAMAGE,18,0,5,11141,0,122
127,4,1,SUPPORT,4,15,13,1949,6872,0
127,5,1,SUPPORT,8,10,13,3768,8238,200
127,6,2,TANK,33,16,4,8813,0,6471
127,7,2,DAMAGE,30,8,6,9562,0,174
127,8,2,DAMAGE,36,12,8,10867,429,0
127,9,2,SUPPORT,22,11,5,5843,9202,72
127,10,2,SUPPORT,19,23,5,4813,8285,334
128,1,1,TANK,11,0,10,7710,0,7136
128,2,1,DAMAGE,8,0,3,6602,0,545
128,3,1,DAMAGE,7,0,12,9655,415,0
128,4,1,SUPPORT,7,6,11,4449,5563,1001
128,5,1,SUPPORT,3,5,10,2786,3728,1198
128,6,2,TANK,33,9,3,7373,491,7029
128,7,2,DAMAGE,30,8,3,6392,1173,2623
128,8,2,DAMAGE,27,2,5,7639,1382,0
128,9,2,SUPPORT,11,32,4,1508,7655,0
128,10,2,SUPPORT,25,25,3,6572,10446,0
129,1,1,TANK,12,5,8,7937,0,4146
129,2,1,DAMAGE,7,1,8,7515,675,544
129,3,1,DAMAGE,9,0,3,6526,0,905
129,4,1,SUPPORT,4,3,7,3100,6025,1023
129,5,1,SUPPORT,7,8,7,3541,9152,0
129,6,2,TANK,27,3,2,10480,0,10840
129,7,2,DAMAGE,18,0,2,6333,0,0
129,8,2,DAMAGE,18,4,3,9383,787,943
129,9,2,SUPPORT,14,18,5,3842,8765,0
129,10,2,SUPPORT,9,22,3,2578,8568,847
130,1,1,TANK,8,1,5,6387,415,3187
130,2,1,DAMAGE,5,0,4,3462,0,255
130,3,1,DAMAGE,3,0,6,3444,0,77
130,4,1,SUPPORT,6,6,7,1624,3610,0
130,5,1,SUPPORT,1,4,7,1980,2511,0
130,6,2,TANK,14,5,3,3099,174,2122
130,7,2,DAMAGE,16,0,2,4046,0,361
130,8,2,DAMAGE,16,0,2,4660,0,0
130,9,2,SUPPORT,12,8,1,3840,5537,0
130,10,2,SUPPORT,13,9,2,3859,3908,761
131,1,1,TANK,29,11,8,18591,10955,2109
131,2,1,DAMAGE,22,2,8,9821,0,224
131,3,1,DAMAGE,26,0,3,12053,0,2322
131,4,1,SUPPORT,10,28,10,5691,15536,6204
131,5,1,SUPPORT,7,21,7,1474,16216,614
131,6,2,TANK,20,9,11,19468,3523,5328
131,7,2,DAMAGE,19,5,13,18977,45,0
131,8,2,DAMAGE,16,2,6,11133,0,0
131,9,2,SUPPORT,13,19,5,3311,12448,580
131,10,2,SUPPORT,22,12,7,11968,7795,0
132,1,1,TANK,13,5,12,13079,3101,6114
132,2,1,DAMAGE,21,3,11,17610,0,0
132,3,1,DAMAGE,24,0,14,16768,0,5547
132,4,1,SUPPORT,7,12,10,4085,11512,514
132,5,1,SUPPORT,4,21,8,3941,15846,0
132,6,2,TANK,38,15,3,16899,0,13438
132,7,2,DAMAGE,29,5,9,16106,1718,0
132,8,2,DAMAGE,28,5,9,16404,503,155
132,9,2,SUPPORT,24,26,8,10420,11776,0
132,10,2,SUPPORT,9,29,7,2348,18909,1577
133,1,1,TANK,3,0,6,3430,1497,1784
133,2,1,DAMAGE,3,0,3,3681,0,0
133,3,1,DAMAGE,2,0,5,3206,269,971
133,4,1,SUPPORT,1,2,4,438,6146,239
133,5,1,SUPPORT,1,1,4,1181,1763,361
133,6,2,TANK,11,3,2,5344,123,1388
133,7,2,DAMAGE,11,2,2,5159,0,0
133,8,2,DAMAGE,10,0,2,5004,0,725
133,9,2,SUPPORT,9,8,0,2239,3285,1
133,10,2,SUPPORT,8,10,1,2153,3552,0
134,1,1,TANK,15,3,4,11526,0,5067
134,2,1,DAMAGE,18,2,3,9036,0,0
134,3,1,DAMAGE,18,3,7,7231,0,0
134,4,1,SUPPORT,11,18,4,4473,5574,0
134,5,1,SUPPORT,6,14,3,1268,8704,399
134,6,2,TANK,9,7,5,7501,0,4585
134,7,2,DAMAGE,11,4,10,4608,495,1347
134,8,2,DAMAGE,11,0,9,6343,243,121
134,9,2,SUPPORT,9,11,7,3288,6201,288
134,10,2,SUPPORT,9,12,7,3236,10017,0
135,1,1,TANK,19,3,9,15601,681,10489
135,2,1,DAMAGE,11,5,10,12376,0,0
135,3,1,DAMAGE,9,4,12,8806,875,283
135,4,1,SUPPORT,13,12,9,4948,13216,0
135,5,1,SUPPORT,2,16,10,303,14768,0
135,6,2,TANK,28,9,7,11891,1348,5691
135,7,2,DAMAGE,28,4,7,13345,0,282
135,8,2,DAMAGE,34,0,2,14855,0,1649
135,9,2,SUPPORT,35,22,3,11838,12277,0
135,10,2,SUPPORT,0,40,4,0,14910,0
136,1,1,TANK,19,2,13,12261,0,10030
136,2,1,DAMAGE,24,2,2,10369,0,0
136,3,1,DAMAGE,20,1,5,11789,1339,0
136,4,1,SUPPORT,4,13,3,3072,10952,268
136,5,1,SUPPORT,0,22,3,0,12627,0
136,6,2,TANK,18,3,4,11759,0,9776
136,7,2,DAMAGE,17,3,8,13276,785,0
136,8,2,DAMAGE,17,7,7,10900,75,0
136,9,2,SUPPORT,7,16,6,1110,12064,471
136,10,2,SUPPORT,14,13,8,3974,8446,418
137,1,1,TANK,19,3,8,11373,4094,5894
137,2,1,DAMAGE,18,5,3,8393,0,0
137,3,1,DAMAGE,19,7,11,8773,224,2578
137,4,1,SUPPORT,18,7,9,7309,7429,336
137,5,1,SUPPORT,13,17,8,5234,10922,279
137,6,2,TANK,23,8,5,9055,0,15935
137,7,2,DAMAGE,26,1,5,13942,0,422
137,8,2,DAMAGE,24,0,8,12278,0,1587
137,9,2,SUPPORT,1,29,6,20,16061,0
137,10,2,SUPPORT,20,9,8,6468,8033,24
138,1,1,TANK,10,2,10,10181,1715,7220
138,2,1,DAMAGE,14,2,5,11139,0,302
138,3,1,DAMAGE,19,0,7,8025,1458,0
138,4,1,SUPPORT,12,14,8,5007,11482,0
138,5,1,SUPPORT,1,15,7,2429,10701,630
138,6,2,TANK,18,7,6,9880,2843,3672
138,7,2,DAMAGE,19,5,4,9365,0,0
138,8,2,DAMAGE,25,1,6,12233,0,64
138,9,2,SUPPORT,5,16,4,3578,9368,609
138,10,2,SUPPORT,25,9,6,10747,7410,0
139,1,1,TANK,12,2,6,9080,0,8517
139,2,1,DAMAGE,10,5,5,9207,0,0
139,3,1,DAMAGE,13,1,3,9161,0,303
139,4,1,SUPPORT,1,14,3,42,10226,0
139,5,1,SUPPORT,8,10,4,5132,6061,334
139,6,2,TANK,17,7,2,8775,0,10886
139,7,2,DAMAGE,13,0,9,7717,0,1698
139,8,2,DAMAGE,12,1,6,9821,1249,0
139,9,2,SUPPORT,3,16,3,1270,12087,964
139,10,2,SUPPORT,5,17,2,2261,7907,237
140,1,1,TANK,9,2,7,6827,1500,9833
140,2,1,DAMAGE,11,2,10,9106,499,0
140,3,1,DAMAGE,9,0,2,7878,0,282
140,4,1,SUPPORT,2,11,4,1994,4906,0
140,5,1,SUPPORT,7,10,4,3046,6635,659
140,6,2,TANK,12,1,4,6334,0,9532
140,7,2,DAMAGE,16,5,5,6448,54,1242
140,8,2,DAMAGE,16,3,4,7798,0,144
140,9,2,SUPPORT,18,16,3,2604,10024,0
140,10,2,SUPPORT,16,12,4,4579,7580,728
141,1,1,TANK,23,4,9,19815,0,15603
141,2,1,DAMAGE,27,0,9,20055,0,614
141,3,1,DAMAGE,32,2,22,14040,0,0
141,4,1,SUPPORT,13,19,10,7640,16911,370
141,5,1,SUPPORT,0,36,10,60,22431,0
141,6,2,TANK,26,10,10,16388,173,10049
141,7,2,DAMAGE,33,4,13,19565,435,1071
141,8,2,DAMAGE,33,3,8,16553,679,10
141,9,2,SUPPORT,23,20,12,8072,14884,0
141,10,2,SUPPORT,15,26,7,4609,15414,1379
142,1,1,TANK,4,2,5,4355,0,3440
142,2,1,DAMAGE,3,0,1,3048,0,53
142,3,1,DAMAGE,3,0,2,2094,0,0
142,4,1,SUPPORT,0,2,5,725,3398,0
142,5,1,SUPPORT,2,2,4,426,4195,506
142,6,2,TANK,7,3,1,3036,0,6105
142,7,2,DAMAGE,13,0,1,5375,0,0
142,8,2,DAMAGE,7,0,0,5814,0,528
142,9,2,SUPPORT,6,7,1,2716,3420,0
142,10,2,SUPPORT,4,5,2,1529,3878,21
143,1,1,TANK,15,7,13,13643,949,12374
143,2,1,DAMAGE,23,0,8,13580,0,0
143,3,1,DAMAGE,20,2,14,17458,994,2895
143,4,1,SUPPORT,9,13,10,6972,12945,1082
143,5,1,SUPPORT,16,13,12,9695,11636,1328
143,6,2,TANK,29,13,7,14946,0,11680
143,7,2,DAMAGE,35,3,9,16363,0,1138
143,8,2,DAMAGE,34,1,11,16405,501,895
143,9,2,SUPPORT,34,30,3,6884,23327,0
143,10,2,SUPPORT,17,25,5,4113,12779,1028
144,1,1,TANK,18,2,18,8030,377,5747
144,2,1,DAMAGE,22,0,7,7938,0,0
144,3,1,DAMAGE,29,2,11,17908,690,0
144,4,1,SUPPORT,0,24,9,205,10836,0
144,5,1,SUPPORT,22,17,11,7018,9719,0
144,6,2,TANK,32,6,7,13527,66,6421
144,7,2,DAMAGE,38,8,8,14184,0,57
144,8,2,DAMAGE,32,3,7,12317,0,0
144,9,2,SUPPORT,8,31,7,1464,13362,107
144,10,2,SUPPORT,17,27,8,5381,9416,0
145,1,1,TANK,12,2,9,5326,196,2619
145,2,1,DAMAGE,10,0,4,5682,0,0
145,3,1,DAMAGE,12,1,8,6961,0,317
145,4,1,SUPPORT,10,7,9,4334,3408,225
145,5,1,SUPPORT,3,4,5,1994,4545,284
145,6,2,TANK,24,6,4,10101,0,7397
145,7,2,DAMAGE,18,11,5,5099,75,0
145,8,2,DAMAGE,21,1,3,7243,0,234
145,9,2,SUPPORT,6,13,5,1896,5611,603
145,10,2,SUPPORT,0,15,5,260,6352,0
146,1,1,TANK,16,9,9,9024,679,5157
146,2,1,DAMAGE,18,3,7,8023,0,0
146,3,1,DAMAGE,22,0,6,9484,1914,80
146,4,1,SUPPORT,19,19,6,8817,9020,0
146,5,1,SUPPORT,7,18,4,3453,11020,1336
146,6,2,TANK,14,2,5,10015,121,12623
146,7,2,DAMAGE,17,0,8,10365,904,0
146,8,2,DAMAGE,17,0,8,11573,1418,449
146,9,2,SUPPORT,10,14,6,7089,8900,418
146,10,2,SUPPORT,18,21,4,2772,12728,0
147,1,1,TANK,14,2,7,11620,0,6170
147,2,1,DAMAGE,11,2,6,4922,0,0
147,3,1,DAMAGE,14,4,10,5703,0,0
147,4,1,SUPPORT,4,9,10,3571,3635,0
147,5,1,SUPPORT,7,10,8,1956,7184,0
147,6,2,TANK,16,5,5,7086,132,3214
147,7,2,DAMAGE,22,2,4,6886,75,0
147,8,2,DAMAGE,21,3,5,6621,72,0
147,9,2,SUPPORT,25,16,4,4227,9855,0
147,10,2,SUPPORT,13,13,4,3457,5683,406
148,1,1,TANK,6,1,5,5270,0,8953
148,2,1,DAMAGE,12,0,3,5958,0,0
148,3,1,DAMAGE,11,2,3,5137,76,1502
148,4,1,SUPPORT,9,4,7,2787,4622,0
148,5,1,SUPPORT,6,5,3,2475,4327,183
148,6,2,TANK,12,3,4,7591,224,3595
148,7,2,DAMAGE,11,0,4,6734,868,0
148,8,2,DAMAGE,10,0,4,4108,0,402
148,9,2,SUPPORT,7,10,2,2439,4178,381
148,10,2,SUPPORT,1,10,5,213,6374,0
149,1,1,TANK,20,3,9,10052,0,16257
149,2,1,DAMAGE,23,0,6,8799,0,0
149,3,1,DAMAGE,19,5,9,8372,65,0
149,4,1,SUPPORT,0,17,9,0,11405,0
149,5,1,SUPPORT,13,10,9,6436,9130,0
149,6,2,TANK,21,13,5,11143,0,9218
149,7,2,DAMAGE,27,0,6,9188,0,552
149,8,2,DAMAGE,26,1,5,11190,0,0
149,9,2,SUPPORT,13,11,8,4069,8668,1256
149,10,2,SUPPORT,21,18,8,4176,8831,0
150,1,1,TANK,12,3,9,5160,330,5364
150,2,1,DAMAGE,12,0,5,4840,0,0
150,3,1,DAMAGE,5,2,8,4212,0,0
150,4,1,SUPPORT,12,0,4,6732,1497,0
150,5,1,SUPPORT,3,8,5,1947,5890,511
150,6,2,TANK,19,8,4,4974,0,5369
150,7,2,DAMAGE,24,0,3,7850,0,0
150,8,2,DAMAGE,21,3,4,5706,0,308
150,9,2,SUPPORT,15,19,2,3235,7544,1730
150,10,2,SUPPORT,5,10,5,1317,5378,166
151,1,1,TANK,1,0,1,660,0,512
151,2,1,DAMAGE,0,0,3,1185,0,0
151,3,1,DAMAGE,0,0,0,52,0,0
151,4,1,SUPPORT,0,0,1,339,1057,0
151,5,1,SUPPORT,0,0,5,2734,278,0
151,6,2,TANK,3,1,1,442,0,474
151,7,2,DAMAGE,8,0,0,3843,0,115
151,8,2,DAMAGE,5,0,1,1015,0,0
151,9,2,SUPPORT,0,5,0,0,1766,0
151,10,2,SUPPORT,2,2,0,444,2004,0
152,1,1,TANK,32,3,11,16038,0,10480
152,2,1,DAMAGE,31,0,5,14899,0,0
152,3,1,DAMAGE,20,9,15,13586,360,0
152,4,1,SUPPORT,22,28,4,9051,14519,0
152,5,1,SUPPORT,15,16,9,5438,12033,954
152,6,2,TANK,26,8,8,10583,73,10282
152,7,2,DAMAGE,34,3,9,14920,0,0
152,8,2,DAMAGE,26,3,12,12347,1983,202
152,9,2,SUPPORT,15,27,8,3986,11690,1860
152,10,2,SUPPORT,24,16,8,8999,16130,0
153,1,1,TANK,24,2,10,10065,30,19366
153,2,1,DAMAGE,21,0,7,11477,0,0
153,3,1,DAMAGE,24,10,8,13613,459,0
153,4,1,SUPPORT,13,22,14,5614,8978,716
153,5,1,SUPPORT,18,8,13,9004,9312,0
153,6,2,TANK,32,7,7,15332,0,7742
153,7,2,DAMAGE,21,2,11,11210,141,144
153,8,2,DAMAGE,30,0,9,11834,499,1402
153,9,2,SUPPORT,10,19,6,3850,15219,195
153,10,2,SUPPORT,11,22,11,3333,10845,821
154,1,1,TANK,17,2,10,14882,0,22210
154,2,1,DAMAGE,28,0,8,11672,0,0
154,3,1,DAMAGE,25,6,14,10908,0,342
154,4,1,SUPPORT,17,15,10,4108,10832,633
154,5,1,,,,,,,
154,6,2,TANK,25,4,8,15664,0,15103
154,7,2,DAMAGE,27,1,13,10733,0,0
154,8,2,DAMAGE,32,1,10,15226,241,2464
154,9,2,SUPPORT,17,16,8,7399,13218,0
154,10,2,SUPPORT,11,18,8,2817,14082,2197
155,1,1,TANK,16,2,13,13474,0,20666
155,2,1,DAMAGE,22,1,11,8683,0,0
155,3,1,DAMAGE,19,3,13,8443,1435,0
155,4,1,SUPPORT,15,15,10,4602,9688,629
155,5,1,SUPPORT,20,16,6,10843,11392,776
155,6,2,TANK,27,10,9,13775,991,9294
155,7,2,DAMAGE,23,4,11,13172,896,0
155,8,2,DAMAGE,39,5,8,17721,0,0
155,9,2,SUPPORT,2,39,7,380,18024,0
155,10,2,SUPPORT,1,1,1,419,556,0
156,1,1,TANK,15,9,6,7357,0,7047
156,2,1,DAMAGE,12,0,4,7192,0,0
156,3,1,DAMAGE,12,5,6,6179,182,0
156,4,1,SUPPORT,13,5,8,4759,6642,0
156,5,1,SUPPORT,15,9,9,6272,6260,0
156,6,2,TANK,21,5,5,8795,452,5405
156,7,2,DAMAGE,21,3,5,9010,0,107
156,8,2,DAMAGE,15,4,8,9280,0,0
156,9,2,SUPPORT,11,17,5,2201,10182,283
156,10,2,SUPPORT,1,17,6,1932,7227,0
157,1,1,TANK,17,2,5,11429,0,6925
157,2,1,DAMAGE,18,0,6,7319,0,0
157,3,1,DAMAGE,14,6,8,5883,0,0
157,4,1,SUPPORT,8,13,7,2365,7812,0
157,5,1,SUPPORT,10,7,8,3096,6733,370
157,6,2,TANK,17,5,7,9708,295,3403
157,7,2,DAMAGE,18,3,4,8939,426,0
157,8,2,DAMAGE,16,0,7,7762,0,671
157,9,2,SUPPORT,10,15,7,3495,5441,2322
157,10,2,SUPPORT,10,12,6,2223,8307,0
158,1,1,TANK,21,7,14,27480,0,17393
158,2,1,DAMAGE,23,0,14,16494,0,0
158,3,1,DAMAGE,17,2,21,19178,441,557
158,4,1,SUPPORT,7,14,13,6313,17042,496
158,5,1,SUPPORT,11,17,20,8443,11484,402
158,6,2,TANK,49,9,6,22726,3048,11601
158,7,2,DAMAGE,52,10,10,18075,1439,305
158,8,2,DAMAGE,55,16,8,16100,234,267
158,9,2,SUPPORT,17,31,10,6637,22492,1269
158,10,2,SUPPORT,20,44,5,4272,26419,2105
159,1,1,TANK,21,14,13,16238,3107,9452
159,2,1,DAMAGE,23,0,9,12894,0,0
159,3,1,DAMAGE,21,7,10,15518,668,1928
159,4,1,SUPPORT,12,20,8,4053,16563,1534
159,5,1,SUPPORT,19,2,19,15946,4659,0
159,6,2,TANK,39,15,5,19234,2476,16004
159,7,2,DAMAGE,39,0,10,14776,221,1179
159,8,2,DAMAGE,28,7,9,13721,0,436
159,9,2,SUPPORT,12,40,9,3697,20151,61
159,10,2,SUPPORT,18,27,7,4787,20844,2374
160,1,1,TANK,7,1,9,10585,0,12280
160,2,1,DAMAGE,13,0,3,8914,0,0
160,3,1,DAMAGE,16,2,8,8498,0,38
160,4,1,SUPPORT,7,11,10,3766,7909,2175
160,5,1,SUPPORT,3,8,8,2673,11589,0
160,6,2,TANK,23,12,4,14988,2765,7142
160,7,2,DAMAGE,23,3,5,5873,779,310
160,8,2,DAMAGE,24,0,5,8605,0,0
160,9,2,SUPPORT,24,10,4,6786,8198,1338
160,10,2,SUPPORT,10,15,3,3082,7630,621
161,1,1,TANK,17,1,8,10522,0,7349
161,2,1,DAMAGE,19,0,5,5939,0,0
161,3,1,DAMAGE,18,1,8,7948,1794,0
161,4,1,SUPPORT,10,19,8,4279,5250,0
161,5,1,SUPPORT,12,17,5,2234,6969,1794
161,6,2,TANK,27,5,6,7522,13,5932
161,7,2,DAMAGE,17,3,5,9082,0,108
161,8,2,DAMAGE,21,9,7,7833,75,0
161,9,2,SUPPORT,17,12,8,5038,7668,185
161,10,2,SUPPORT,12,16,7,3754,6344,11
162,1,1,TANK,5,0,5,5960,116,14236
162,2,1,DAMAGE,6,0,3,3192,0,0
162,3,1,DAMAGE,7,0,6,8305,0,2553
162,4,1,SUPPORT,7,5,6,4147,8003,115
162,5,1,SUPPORT,0,8,6,0,7247,0
162,6,2,TANK,19,3,2,8808,0,9897
162,7,2,DAMAGE,15,0,1,5897,103,922
162,8,2,DAMAGE,20,0,2,9235,0,498
162,9,2,SUPPORT,8,13,2,2297,6363,184
162,10,2,SUPPORT,8,16,1,2055,8099,165
163,1,1,TANK,15,5,7,12149,1654,6378
163,2,1,DAMAGE,15,0,2,9657,0,0
163,3,1,DAMAGE,16,0,9,13511,139,1109
163,4,1,SUPPORT,12,11,6,6011,11764,2761
163,5,1,SUPPORT,5,14,8,2415,9690,0
163,6,2,TANK,21,9,4,11830,0,13885
163,7,2,DAMAGE,21,0,7,10280,2334,0
163,8,2,DAMAGE,25,1,4,12936,11,1189
163,9,2,SUPPORT,20,19,4,7235,15813,0
163,10,2,SUPPORT,5,23,6,900,9364,590
164,1,1,TANK,22,3,12,11355,0,15521
164,2,1,DAMAGE,25,0,5,9143,0,0
164,3,1,DAMAGE,21,3,14,12327,320,0
164,4,1,SUPPORT,1,18,13,37,7267,0
164,5,1,SUPPORT,9,13,9,3669,9501,1786
164,6,2,TANK,36,9,5,11799,225,5901
164,7,2,DAMAGE,34,2,6,12777,0,741
164,8,2,DAMAGE,24,4,9,8775,1370,0
164,9,2,SUPPORT,17,20,6,4886,9986,181
164,10,2,SUPPORT,10,25,10,1846,9095,606
165,1,1,TANK,13,5,12,8919,284,8728
165,2,1,DAMAGE,15,4,11,11003,0,0
165,3,1,DAMAGE,19,0,8,8063,0,0
165,4,1,SUPPORT,9,7,15,8570,6808,660
165,5,1,SUPPORT,1,13,8,20,10630,0
165,6,2,TANK,39,13,4,16938,3507,3031
165,7,2,DAMAGE,26,2,4,10101,0,0
165,8,2,DAMAGE,27,1,7,11426,0,1086
165,9,2,SUPPORT,9,13,5,4491,6641,212
165,10,2,SUPPORT,0,32,7,0,11745,0
166,1,1,TANK,10,4,6,7018,457,8245
166,2,1,DAMAGE,11,0,4,5205,0,0
166,3,1,DAMAGE,11,3,7,7140,375,0
166,4,1,SUPPORT,8,7,2,3502,5917,0
166,5,1,SUPPORT,8,11,3,2380,7479,359
166,6,2,TANK,9,2,6,6888,0,15084
166,7,2,DAMAGE,8,3,0,5648,0,0
166,8,2,DAMAGE,15,0,2,10041,1349,0
166,9,2,SUPPORT,1,14,3,601,9386,1051
166,10,2,SUPPORT,8,2,5,4325,3735,52
167,1,1,TANK,0,0,5,4851,0,3687
167,2,1,DAMAGE,1,0,7,4600,232,0
167,3,1,DAMAGE,1,0,1,2015,0,0
167,4,1,SUPPORT,0,1,5,1898,6400,21
167,5,1,SUPPORT,0,0,5,0,6634,0
167,6,2,TANK,16,5,0,6772,2130,409
167,7,2,DAMAGE,14,1,0,7400,0,0
167,8,2,DAMAGE,21,1,1,6532,0,1010
167,9,2,SUPPORT,5,11,0,463,3907,126
167,10,2,SUPPORT,3,14,0,1049,4923,0
168,1,1,TANK,15,2,12,8087,0,9201
168,2,1,DAMAGE,23,0,5,8397,0,0
168,3,1,DAMAGE,20,1,9,9507,0,138
168,4,1,SUPPORT,16,6,10,4502,6603,0
168,5,1,SUPPORT,3,11,10,2731,5278,762
168,6,2,TANK,27,5,4,8477,0,11584
168,7,2,DAMAGE,17,2,12,6465,0,412
168,8,2,DAMAGE,25,8,9,11887,0,0
168,9,2,SUPPORT,14,13,9,3642,5747,0
168,10,2,SUPPORT,19,19,9,3038,8156,0
169,1,1,TANK,9,2,11,5576,102,4403
169,2,1,DAMAGE,10,0,9,10037,0,0
169,3,1,DAMAGE,7,2,9,9122,0,2047
169,4,1,SUPPORT,5,6,8,1675,10284,448
169,5,1,SUPPORT,6,12,6,2296,11661,0
169,6,2,TANK,26,4,5,11141,0,10923
169,7,2,DAMAGE,24,14,3,11687,0,0
169,8,2,DAMAGE,30,6,6,11342,0,0
169,9,2,SUPPORT,12,26,1,2720,13275,1057
169,10,2,SUPPORT,13,27,1,4484,5814,0
170,1,1,TANK,30,6,11,12707,0,18723
170,2,1,DAMAGE,39,4,9,14754,0,68
170,3,1,DAMAGE,29,3,8,11427,35,745
170,4,1,SUPPORT,15,27,3,3852,18017,689
170,5,1,SUPPORT,19,33,6,7961,14454,0
170,6,2,TANK,25,8,12,18524,0,10983
170,7,2,DAMAGE,16,0,11,11715,0,0
170,8,2,DAMAGE,12,3,15,11143,70,127
170,9,2,SUPPORT,5,14,9,2099,15546,1048
170,10,2,SUPPORT,18,7,14,9674,7354,49
171,1,1,TANK,23,5,6,7206,98,4110
171,2,1,DAMAGE,22,0,7,8259,0,798
171,3,1,DAMAGE,17,3,9,7109,393,903
171,4,1,SUPPORT,7,23,4,2410,8260,0
171,5,1,SUPPORT,26,20,6,7408,7035,0
171,6,2,TANK,19,7,6,11523,419,6435
171,7,2,DAMAGE,18,3,8,6748,0,84
171,8,2,DAMAGE,19,0,7,7096,0,0
171,9,2,SUPPORT,10,16,6,2380,7566,454
171,10,2,SUPPORT,11,14,8,4057,7883,1961
172,1,1,TANK,5,3,5,7230,0,5495
172,2,1,DAMAGE,8,1,9,4063,0,730
172,3,1,DAMAGE,6,0,7,4188,0,0
172,4,1,SUPPORT,5,3,4,1726,5389,47
172,5,1,SUPPORT,2,2,7,1515,5492,304
172,6,2,TANK,16,3,2,7217,71,2672
172,7,2,DAMAGE,15,1,2,6616,0,433
172,8,2,DAMAGE,15,1,3,5552,0,1146
172,9,2,SUPPORT,8,14,1,2696,4697,0
172,10,2,SUPPORT,17,16,1,3673,5116,244
173,1,1,TANK,7,0,9,11260,843,11245
173,2,1,DAMAGE,8,0,4,5451,0,0
173,3,1,DAMAGE,8,0,10,6666,593,801
173,4,1,SUPPORT,1,4,12,1248,8844,678
173,5,1,SUPPORT,3,3,10,3973,6950,0
173,6,2,TANK,20,2,2,11746,0,16096
173,7,2,DAMAGE,19,4,1,7752,184,84
173,8,2,DAMAGE,27,2,5,13773,0,0
173,9,2,SUPPORT,7,16,2,3192,8651,161
173,10,2,SUPPORT,7,11,4,2108,11751,1103
174,1,1,TANK,11,3,5,5989,262,3050
174,2,1,DAMAGE,8,0,9,8119,473,672
174,3,1,DAMAGE,11,1,8,5433,340,0
174,4,1,SUPPORT,6,8,5,3638,6053,568
174,5,1,SUPPORT,2,10,6,2344,8615,0
174,6,2,TANK,21,6,3,9206,170,5554
174,7,2,DAMAGE,22,4,2,9125,0,1349
174,8,2,DAMAGE,24,0,2,7041,0,730
174,9,2,SUPPORT,4,22,5,1377,9292,1766
174,10,2,SUPPORT,10,17,6,3886,5245,74
175,1,1,TANK,9,0,8,8605,1745,6245
175,2,1,DAMAGE,5,0,10,8730,968,0
175,3,1,DAMAGE,11,3,8,8945,0,0
175,4,1,SUPPORT,5,6,4,3525,5237,302
175,5,1,SUPPORT,0,9,5,972,8236,0
175,6,2,TANK,21,5,2,8762,4458,8241
175,7,2,DAMAGE,20,3,5,10438,0,543
175,8,2,DAMAGE,13,1,5,8366,0,430
175,9,2,SUPPORT,9,15,4,2617,7800,702
175,10,2,SUPPORT,7,12,2,3336,9163,0
176,1,1,TANK,11,0,5,9188,134,10874
176,2,1,DAMAGE,13,0,1,6973,0,0
176,3,1,DAMAGE,11,2,12,7421,1667,696
176,4,1,SUPPORT,6,8,5,2250,9554,1372
176,5,1,SUPPORT,6,7,8,2693,6873,622
176,6,2,TANK,23,1,5,12432,0,13761
176,7,2,DAMAGE,13,0,3,6413,0,0
176,8,2,DAMAGE,13,0,9,7753,617,546
176,9,2,SUPPORT,8,22,2,4947,9614,0
176,10,2,SUPPORT,11,8,3,5329,5855,667
177,1,1,TANK,10,2,6,5111,0,2993
177,2,1,DAMAGE,21,1,5,14040,0,382
177,3,1,DAMAGE,11,4,11,6543,1197,2549
177,4,1,SUPPORT,0,21,7,0,8634,0
177,5,1,SUPPORT,9,10,7,2722,5116,538
177,6,2,TANK,24,11,4,10332,1804,2439
177,7,2,DAMAGE,26,2,3,9222,0,78
177,8,2,DAMAGE,20,1,10,7961,0,1635
177,9,2,SUPPORT,0,31,2,0,6916,0
177,10,2,SUPPORT,14,19,5,3384,6105,0
178,1,1,TANK,19,4,8,14801,1614,5944
178,2,1,DAMAGE,24,1,8,9442,0,2133
178,3,1,DAMAGE,16,0,6,12913,0,80
178,4,1,SUPPORT,5,15,6,3581,9311,379
178,5,1,SUPPORT,8,18,5,2188,10762,1509
178,6,2,TANK,20,5,7,11349,2071,6084
178,7,2,DAMAGE,20,0,7,9620,0,2935
178,8,2,DAMAGE,20,2,7,12140,0,61
178,9,2,SUPPORT,8,19,7,5721,8380,0
178,10,2,SUPPORT,8,19,5,2238,12626,595
179,1,1,TANK,11,2,1,6848,300,2664
179,2,1,DAMAGE,7,2,6,7004,75,0
179,3,1,DAMAGE,10,0,3,11582,292,117
179,4,1,SUPPORT,2,7,6,1058,6903,0
179,5,1,SUPPORT,2,8,3,2953,4823,573
179,6,2,TANK,14,1,0,7494,6029,1676
179,7,2,DAMAGE,11,0,4,5626,0,0
179,8,2,DAMAGE,11,3,6,3847,0,0
179,9,2,SUPPORT,4,10,3,1990,9958,0
179,10,2,SUPPORT,8,3,3,2926,5776,1027
180,1,1,TANK,29,9,10,18364,0,10925
180,2,1,DAMAGE,29,4,11,14333,430,1867
180,3,1,DAMAGE,29,1,15,16844,1410,238
180,4,1,SUPPORT,14,22,3,4553,20121,189
180,5,1,SUPPORT,14,28,9,7084,17720,0
180,6,2,TANK,25,6,14,15390,0,14524
180,7,2,DAMAGE,34,6,13,17490,109,2575
180,8,2,DAMAGE,29,1,7,16668,0,715
180,9,2,SUPPORT,13,32,5,6464,16310,0
180,10,2,SUPPORT,12,27,4,6963,17507,2272
181,1,1,TANK,22,2,7,10680,0,7040
181,2,1,DAMAGE,21,0,5,7577,0,0
181,3,1,DAMAGE,17,4,15,8090,427,83
181,4,1,SUPPORT,10,15,6,5217,7745,0
181,5,1,SUPPORT,1,18,8,580,11373,424
181,6,2,TANK,20,4,8,10102,0,4929
181,7,2,DAMAGE,21,10,5,8218,1189,2391
181,8,2,DAMAGE,24,2,5,8912,0,339
181,9,2,SUPPORT,12,23,4,2592,8503,0
181,10,2,SUPPORT,13,22,8,5816,5841,0
182,1,1,TANK,18,4,8,10669,0,8818
182,2,1,DAMAGE,16,0,1,6083,0,0
182,3,1,DAMAGE,16,0,9,7441,759,227
182,4,1,SUPPORT,8,12,7,4822,8797,407
182,5,1,SUPPORT,7,14,5,1879,10853,0
182,6,2,TANK,21,7,7,11409,1176,6690
182,7,2,DAMAGE,18,1,2,8470,0,1696
182,8,2,DAMAGE,15,1,6,8885,0,1157
182,9,2,SUPPORT,12,10,5,4052,6848,623
182,10,2,SUPPORT,16,17,6,4502,7022,895
183,1,1,TANK,12,1,9,10206,284,6581
183,2,1,DAMAGE,25,1,10,14954,983,626
183,3,1,DAMAGE,19,1,12,11063,0,236
183,4,1,SUPPORT,21,22,7,5222,14902,37
183,5,1,SUPPORT,8,20,6,3184,14733,804
183,6,2,TANK,24,8,7,20776,0,9156
183,7,2,DAMAGE,16,1,9,8806,0,603
183,8,2,DAMAGE,32,2,5,15632,0,0
183,9,2,SUPPORT,14,19,7,4200,12777,1419
183,10,2,SUPPORT,14,15,9,5457,13873,648
184,1,1,TANK,9,3,7,10461,0,8882
184,2,1,DAMAGE,7,0,13,7298,1017,173
184,3,1,DAMAGE,8,0,11,9896,0,276
184,4,1,SUPPORT,7,4,8,4099,8648,694
184,5,1,SUPPORT,2,6,8,2085,9252,0
184,6,2,TANK,28,3,3,15991,0,16039
184,7,2,DAMAGE,25,2,4,11045,0,1953
184,8,2,DAMAGE,20,1,3,10956,9,1826
184,9,2,SUPPORT,14,24,2,3264,11752,1995
184,10,2,SUPPORT,17,15,2,5025,8537,0
185,1,1,TANK,13,6,6,6510,330,5124
185,2,1,DAMAGE,6,0,5,2933,0,0
185,3,1,DAMAGE,6,2,6,6818,0,0
185,4,1,SUPPORT,13,4,6,4921,7153,0
185,5,1,SUPPORT,17,7,8,5252,6454,0
185,6,2,TANK,20,5,4,11739,0,5271
185,7,2,DAMAGE,19,4,3,3995,491,0
185,8,2,DAMAGE,18,1,7,8105,0,1465
185,9,2,SUPPORT,12,8,5,3912,5013,0
185,10,2,SUPPORT,5,10,4,1260,8365,539
186,1,1,TANK,15,4,4,8534,611,5023
186,2,1,DAMAGE,20,1,11,12373,0,0
186,3,1,DAMAGE,25,3,4,14722,0,0
186,4,1,SUPPORT,13,10,9,4478,12598,32
186,5,1,SUPPORT,8,14,8,3655,9235,1159
186,6,2,TANK,28,8,5,14425,0,7683
186,7,2,DAMAGE,17,12,10,5502,728,0
186,8,2,DAMAGE,19,0,9,12163,0,372
186,9,2,SUPPORT,3,24,6,140,17082,0
186,10,2,SUPPORT,18,7,7,7627,9045,266
187,1,1,TANK,9,3,11,7794,258,5171
187,2,1,DAMAGE,8,1,9,7559,169,1165
187,3,1,DAMAGE,10,0,3,8514,0,0
187,4,1,SUPPORT,9,5,3,5171,7197,496
187,5,1,SUPPORT,2,9,7,1357,7818,2504
187,6,2,TANK,21,2,4,11454,0,12042
187,7,2,DAMAGE,15,3,4,9331,0,123
187,8,2,DAMAGE,13,7,6,5413,74,0
187,9,2,SUPPORT,11,18,2,2300,10692,846
187,10,2,SUPPORT,22,18,2,5130,10163,0
188,1,1,TANK,15,1,8,8967,1500,4707
188,2,1,DAMAGE,16,0,5,6248,0,0
188,3,1,DAMAGE,15,0,11,8142,0,1704
188,4,1,SUPPORT,10,15,7,3543,9414,463
188,5,1,SUPPORT,5,14,11,1822,7078,0
188,6,2,TANK,27,2,5,11025,0,7330
188,7,2,DAMAGE,27,15,2,7175,591,0
188,8,2,DAMAGE,25,1,9,11633,1720,0
188,9,2,SUPPORT,26,20,3,5239,11490,0
188,10,2,SUPPORT,8,7,23,2100,2988,286
189,1,1,TANK,10,2,8,6566,106,2960
189,2,1,DAMAGE,19,2,13,9347,0,744
189,3,1,DAMAGE,16,1,14,8876,1222,93
189,4,1,SUPPORT,10,13,12,4174,4727,81
189,5,1,SUPPORT,13,9,14,5416,6054,0
189,6,2,TANK,41,2,7,13409,1110,6912
189,7,2,DAMAGE,30,5,6,10459,0,1616
189,8,2,DAMAGE,33,1,8,9189,0,315
189,9,2,SUPPORT,15,22,4,2999,6442,438
189,10,2,SUPPORT,1,39,3,20,11491,0
190,1,1,TANK,16,2,12,11272,338,8477
190,2,1,DAMAGE,20,3,13,9634,0,871
190,3,1,DAMAGE,17,3,12,9528,558,1033
190,4,1,SUPPORT,10,12,4,4278,13796,492
190,5,1,SUPPORT,11,13,9,4424,13279,5190
190,6,2,TANK,23,9,6,16211,403,9152
190,7,2,DAMAGE,28,0,8,10155,0,987
190,8,2,DAMAGE,27,3,5,12730,342,22
190,9,2,SUPPORT,20,21,7,11005,11767,0
190,10,2,SUPPORT,18,16,5,4381,10321,451
191,1,1,TANK,57,12,5,21727,0,18163
191,2,1,DAMAGE,40,0,9,12356,0,0
191,3,1,DAMAGE,56,1,13,29922,0,1538
191,4,1,SUPPORT,0,62,9,40,19924,0
191,5,1,SUPPORT,28,53,12,6409,19437,621
191,6,2,TANK,25,7,14,18589,0,15848
191,7,2,DAMAGE,31,5,15,21510,728,471
191,8,2,DAMAGE,23,1,18,18755,0,1303
191,9,2,SUPPORT,9,16,17,3403,16737,360
191,10,2,SUPPORT,11,20,17,5111,16263,392
192,1,1,TANK,18,5,4,7380,404,4427
192,2,1,DAMAGE,17,1,7,9976,0,58
192,3,1,DAMAGE,13,5,8,6039,57,0
192,4,1,SUPPORT,8,6,6,3649,6482,510
192,5,1,SUPPORT,10,17,3,4026,8520,0
192,6,2,TANK,22,5,4,9837,354,5394
192,7,2,DAMAGE,17,0,6,10142,0,137
192,8,2,DAMAGE,13,5,6,6140,0,575
192,9,2,SUPPORT,1,22,4,1144,9204,651
192,10,2,SUPPORT,6,14,6,1770,7319,0
193,1,1,TANK,6,1,6,4340,114,2131
193,2,1,DAMAGE,7,1,3,6079,0,0
193,3,1,DAMAGE,7,1,6,5803,843,200
193,4,1,SUPPORT,5,8,2,2410,4726,93
193,5,1,SUPPORT,8,8,5,2708,4430,0
193,6,2,TANK,13,1,2,7697,2431,6589
193,7,2,DAMAGE,13,4,3,5157,0,0
193,8,2,DAMAGE,9,0,6,3829,0,505
193,9,2,SUPPORT,5,10,1,731,6955,281
193,10,2,SUPPORT,11,11,3,3871,4074,0
194,1,1,TANK,3,1,5,4831,2024,716
194,2,1,DAMAGE,3,0,1,3557,0,0
194,3,1,DAMAGE,3,0,8,3600,0,420
194,4,1,SUPPORT,1,1,4,1649,2374,27
194,5,1,SUPPORT,1,3,3,60,5639,0
194,6,2,TANK,10,2,0,5865,0,5648
194,7,2,DAMAGE,7,0,2,2879,0,0
194,8,2,DAMAGE,19,0,0,8800,861,0
194,9,2,SUPPORT,7,10,2,1742,4016,30
194,10,2,SUPPORT,6,10,3,664,4630,260
195,1,1,TANK,2,0,3,4246,317,2565
195,2,1,DAMAGE,5,1,8,4924,0,0
195,3,1,DAMAGE,6,0,6,8302,0,0
195,4,1,SUPPORT,5,2,5,1464,5617,0
195,5,1,SUPPORT,4,2,6,1667,3545,225
195,6,2,TANK,10,2,2,3989,267,5532
195,7,2,DAMAGE,14,4,3,8081,0,1397
195,8,2,DAMAGE,21,0,3,8240,893,180
195,9,2,SUPPORT,3,6,1,1305,6304,162
195,10,2,SUPPORT,0,12,1,0,6763,0
196,1,1,TANK,19,4,4,13817,0,7678
196,2,1,DAMAGE,22,6,11,13987,0,3094
196,3,1,DAMAGE,22,1,11,15536,273,155
196,4,1,SUPPORT,13,10,5,5215,7671,285
196,5,1,SUPPORT,19,18,6,7539,10445,521
196,6,2,TANK,22,3,6,15923,353,12761
196,7,2,DAMAGE,19,1,8,11496,0,1664
196,8,2,DAMAGE,18,4,12,15731,1009,327
196,9,2,SUPPORT,12,27,6,3606,17667,0
196,10,2,SUPPORT,15,22,6,5515,15012,4811
197,1,1,TANK,1,0,4,5507,0,3022
197,2,1,DAMAGE,1,0,4,2444,0,0
197,3,1,DAMAGE,0,0,8,2555,92,217
197,4,1,SUPPORT,0,0,6,563,4158,0
197,5,1,SUPPORT,0,0,5,280,3845,772
197,6,2,TANK,15,1,0,6008,0,10125
197,7,2,DAMAGE,8,0,0,4813,0,169
197,8,2,DAMAGE,17,0,1,4019,0,0
197,9,2,SUPPORT,3,14,0,332,4952,415
197,10,2,SUPPORT,13,12,0,4459,3411,355
198,1,1,TANK,13,2,2,8554,445,4358
198,2,1,DAMAGE,18,5,11,11322,210,793
198,3,1,DAMAGE,17,2,11,9398,0,1581
198,4,1,SUPPORT,8,9,7,3022,7681,238
198,5,1,SUPPORT,9,13,10,4682,8684,4075
198,6,2,TANK,29,6,2,10850,0,3524
198,7,2,DAMAGE,20,5,7,8894,444,1036
198,8,2,DAMAGE,24,1,7,9954,0,1157
198,9,2,SUPPORT,16,21,6,3517,7593,0
198,10,2,SUPPORT,14,17,8,4553,6826,1389
199,1,1,TANK,3,2,6,5861,0,12854
199,2,1,DAMAGE,9,0,7,5236,0,1510
199,3,1,DAMAGE,8,0,7,6477,0,259
199,4,1,SUPPORT,11,6,2,2557,6190,0
199,5,1,SUPPORT,6,13,4,3884,5892,0
199,6,2,TANK,12,5,3,7015,0,5895
199,7,2,DAMAGE,16,1,4,5067,0,1049
199,8,2,DAMAGE,15,2,3,7325,0,606
199,9,2,SUPPORT,11,16,2,2174,6983,77
199,10,2,SUPPORT,12,15,1,3025,7578,801
200,1,1,TANK,9,3,8,8516,0,11697
200,2,1,DAMAGE,10,0,2,6475,0,0
200,3,1,DAMAGE,12,0,7,8821,0,419
200,4,1,SUPPORT,5,5,8,2064,5528,3040
200,5,1,SUPPORT,5,6,4,2870,8261,541
200,6,2,TANK,15,3,3,7653,0,6126
200,7,2,DAMAGE,13,1,3,7270,539,502
200,8,2,DAMAGE,12,6,3,8846,0,0
200,9,2,SUPPORT,15,4,5,5088,6432,666
200,10,2,SUPPORT,3,14,4,646,7998,511
201,1,1,TANK,3,1,7,6379,600,3112
201,2,1,DAMAGE,4,0,9,14932,1926,0
201,3,1,DAMAGE,6,0,8,7498,511,66
201,4,1,SUPPORT,4,6,10,2202,4853,376
201,5,1,SUPPORT,5,6,7,5502,6012,109
201,6,2,TANK,21,3,3,7179,610,14000
201,7,2,DAMAGE,18,0,4,6984,0,1700
201,8,2,DAMAGE,30,9,1,12040,0,0
201,9,2,SUPPORT,15,24,0,3244,13342,33
201,10,2,SUPPORT,10,19,1,1520,11687,711
202,1,1,TANK,22,4,9,11228,0,15800
202,2,1,DAMAGE,18,3,11,9740,0,1211
202,3,1,DAMAGE,21,1,13,12213,0,707
202,4,1,SUPPORT,10,17,3,4827,14133,66
202,5,1,SUPPORT,8,15,8,3195,12479,1272
202,6,2,TANK,27,7,7,14749,0,9090
202,7,2,DAMAGE,19,2,11,11991,0,169
202,8,2,DAMAGE,14,8,9,8231,246,264
202,9,2,SUPPORT,16,16,7,6681,12380,191
202,10,2,SUPPORT,21,10,5,10546,8743,0
203,1,1,TANK,14,2,14,7759,673,9229
203,2,1,DAMAGE,9,1,12,5481,0,923
203,3,1,DAMAGE,14,0,5,6106,0,0
203,4,1,SUPPORT,9,8,9,6499,4239,0
203,5,1,SUPPORT,3,9,9,1925,6375,700
203,6,2,TANK,23,3,3,7235,0,15999
203,7,2,DAMAGE,28,3,6,11003,795,0
203,8,2,DAMAGE,32,1,6,10863,0,572
203,9,2,SUPPORT,14,23,2,2458,11981,386
203,10,2,SUPPORT,14,3,6,5060,3864,0
204,1,1,TANK,6,0,5,8663,0,15014
204,2,1,DAMAGE,7,0,7,7529,0,1115
204,3,1,DAMAGE,10,0,10,9718,67,0
204,4,1,SUPPORT,7,7,5,3967,9009,684
204,5,1,SUPPORT,4,6,8,3037,8200,0
204,6,2,TANK,20,4,4,6986,0,12376
204,7,2,DAMAGE,24,1,5,10660,0,361
204,8,2,DAMAGE,21,3,3,7876,0,0
204,9,2,SUPPORT,12,23,0,2262,9671,2086
204,10,2,SUPPORT,18,22,1,5428,13459,0
205,1,1,TANK,8,1,14,10924,789,13467
205,2,1,DAMAGE,10,3,11,9447,3,1990
205,3,1,DAMAGE,16,2,10,13119,1023,143
205,4,1,SUPPORT,6,11,8,5657,10014,6445
205,5,1,SUPPORT,7,13,9,5771,12427,128
205,6,2,TANK,28,7,7,15714,0,10652
205,7,2,DAMAGE,30,5,5,13190,354,238
205,8,2,DAMAGE,24,0,9,10636,0,0
205,9,2,SUPPORT,29,16,3,8385,9559,95
205,10,2,SUPPORT,12,29,2,3446,15508,961
206,1,1,TANK,7,1,6,4009,0,3613
206,2,1,DAMAGE,6,0,6,4035,0,84
206,3,1,DAMAGE,9,2,6,3863,0,1217
206,4,1,SUPPORT,4,4,5,589,3588,377
206,5,1,SUPPORT,5,6,7,1098,4389,0
206,6,2,TANK,13,2,2,5886,138,4678
206,7,2,DAMAGE,9,0,6,3040,0,65
206,8,2,DAMAGE,23,4,2,8100,841,716
206,9,2,SUPPORT,10,13,2,1843,3222,114
206,10,2,SUPPORT,13,14,2,2228,3165,3
207,1,1,TANK,27,2,6,12407,0,21276
207,2,1,DAMAGE,25,6,12,11132,598,663
207,3,1,DAMAGE,20,2,10,12615,1110,1196
207,4,1,SUPPORT,11,15,13,4689,8532,238
207,5,1,SUPPORT,13,15,8,5682,7469,957
207,6,2,TANK,36,11,6,13507,1266,7098
207,7,2,DAMAGE,24,0,10,10565,457,906
207,8,2,DAMAGE,23,4,10,11298,0,0
207,9,2,SUPPORT,15,21,6,3802,10271,433
207,10,2,SUPPORT,14,20,9,3906,13102,1255
208,1,1,TANK,16,3,8,9294,0,14160
208,2,1,DAMAGE,13,0,7,11658,135,31
208,3,1,DAMAGE,24,2,10,11844,0,779
208,4,1,SUPPORT,7,13,9,2748,8270,3925
208,5,1,SUPPORT,0,19,7,442,13392,0
208,6,2,TANK,24,5,5,10757,0,11356
208,7,2,DAMAGE,15,0,11,9170,554,55
208,8,2,DAMAGE,20,3,4,8582,73,134
208,9,2,SUPPORT,14,18,6,6173,8059,566
208,10,2,SUPPORT,24,6,3,8600,6833,382
209,1,1,TANK,13,3,11,12519,0,9116
209,2,1,DAMAGE,13,1,6,11598,0,271
209,3,1,DAMAGE,7,0,10,7664,889,536
209,4,1,SUPPORT,6,13,8,3217,13823,1080
209,5,1,SUPPORT,11,11,5,5118,15587,0
209,6,2,TANK,32,2,5,20957,0,8733
209,7,2,DAMAGE,23,1,4,14246,0,380
209,8,2,DAMAGE,24,9,2,8581,156,0
209,9,2,SUPPORT,1,31,4,248,15670,0
209,10,2,SUPPORT,12,25,3,4841,13856,641
210,1,1,TANK,26,2,7,16601,0,23649
210,2,1,DAMAGE,24,5,11,11078,0,0
210,3,1,DAMAGE,12,1,11,8666,0,11
210,4,1,SUPPORT,8,17,10,2424,11972,900
210,5,1,SUPPORT,18,9,8,8041,10685,0
210,6,2,TANK,28,4,8,14146,0,24315
210,7,2,DAMAGE,25,7,11,10476,0,360
210,8,2,DAMAGE,21,1,9,12822,0,467
210,9,2,SUPPORT,6,20,9,3016,12747,1331
210,10,2,SUPPORT,17,22,6,5023,12541,0
211,1,1,TANK,13,0,9,9152,569,7764
211,2,1,DAMAGE,12,0,6,8097,0,460
211,3,1,DAMAGE,22,1,8,8504,0,0
211,4,1,SUPPORT,6,7,2,2932,7105,370
211,5,1,SUPPORT,11,12,10,3415,4319,713
211,6,2,TANK,21,3,8,8202,1408,6959
211,7,2,DAMAGE,17,2,7,5037,573,0
211,8,2,DAMAGE,16,1,6,9137,552,775
211,9,2,SUPPORT,14,10,7,5351,5594,0
211,10,2,SUPPORT,9,17,5,3391,6653,419
212,1,1,TANK,17,2,7,14762,0,8852
212,2,1,DAMAGE,21,2,4,11790,0,0
212,3,1,DAMAGE,16,0,10,12574,0,2032
212,4,1,SUPPORT,10,22,4,2704,12851,120
212,5,1,SUPPORT,12,11,9,5425,11705,219
212,6,2,TANK,17,6,6,13112,1970,5752
212,7,2,DAMAGE,19,4,5,14797,0,2437
212,8,2,DAMAGE,18,1,9,15557,675,35
212,9,2,SUPPORT,11,18,5,3290,12173,0
212,10,2,SUPPORT,12,15,9,7405,11336,1686
213,1,1,TANK,6,4,6,5779,0,3441
213,2,1,DAMAGE,3,1,8,2705,0,0
213,3,1,DAMAGE,11,0,6,6558,184,0
213,4,1,SUPPORT,6,6,7,2242,3611,1218
213,5,1,SUPPORT,0,5,6,280,3109,0
213,6,2,TANK,20,5,1,4832,206,2320
213,7,2,DAMAGE,24,0,6,8626,0,0
213,8,2,DAMAGE,20,0,1,4714,0,806
213,9,2,SUPPORT,4,15,2,603,5431,0
213,10,2,SUPPORT,0,21,1,0,5703,0
214,1,1,TANK,11,2,6,5955,262,6520
214,2,1,DAMAGE,7,1,5,3824,0,552
214,3,1,DAMAGE,6,1,4,4664,309,2879
214,4,1,SUPPORT,4,6,5,3691,3678,159
214,5,1,SUPPORT,5,2,5,2788,3449,1169
214,6,2,TANK,7,0,4,4251,0,7196
214,7,2,DAMAGE,15,6,2,6631,0,0
214,8,2,DAMAGE,13,3,4,4693,0,0
214,9,2,SUPPORT,6,7,3,1638,6865,703
214,10,2,SUPPORT,11,3,4,5459,3945,165
215,1,1,TANK,2,2,5,5446,0,7650
215,2,1,DAMAGE,3,0,5,2650,0,0
215,3,1,DAMAGE,1,0,6,2398,72,410
215,4,1,SUPPORT,0,1,3,908,3370,141
215,5,1,SUPPORT,2,3,1,787,5021,591
215,6,2,TANK,9,2,1,3723,0,9666
215,7,2,DAMAGE,14,3,1,4651,0,426
215,8,2,DAMAGE,11,1,0,7150,0,0
215,9,2,SUPPORT,6,11,1,1064,4965,73
215,10,2,SUPPORT,9,6,1,2182,3696,0
216,1,1,TANK,5,1,4,5391,0,7194
216,2,1,DAMAGE,6,0,6,4337,236,0
216,3,1,DAMAGE,4,1,7,2943,0,277
216,4,1,SUPPORT,3,8,4,1607,5521,247
216,5,1,SUPPORT,1,1,5,1359,2877,719
216,6,2,TANK,13,6,2,5259,0,2371
216,7,2,DAMAGE,19,1,3,6813,0,188
216,8,2,DAMAGE,14,5,1,5062,0,47
216,9,2,SUPPORT,5,14,1,984,5705,336
216,10,2,SUPPORT,8,13,2,2199,3458,0
217,1,1,TANK,12,3,8,6005,271,3344
217,2,1,DAMAGE,11,0,2,5717,0,0
217,3,1,DAMAGE,8,2,11,4410,0,289
217,4,1,SUPPORT,6,11,7,2973,6647,0
217,5,1,SUPPORT,5,10,6,2333,6637,0
217,6,2,TANK,21,6,2,9090,579,1510
217,7,2,DAMAGE,20,1,4,5697,0,1005
217,8,2,DAMAGE,23,0,7,8279,0,0
217,9,2,SUPPORT,12,6,2,3159,3602,0
217,10,2,SUPPORT,17,15,4,4356,6067,301
218,1,1,TANK,3,0,1,3525,0,11355
218,2,1,DAMAGE,6,2,6,5257,488,1083
218,3,1,DAMAGE,8,0,7,4164,0,75
218,4,1,SUPPORT,4,5,5,3585,3889,306
218,5,1,SUPPORT,3,2,6,1248,5444,202
218,6,2,TANK,12,0,4,5096,0,2502
218,7,2,DAMAGE,14,5,3,5558,70,0
218,8,2,DAMAGE,8,1,1,4713,0,61
218,9,2,SUPPORT,13,13,2,4829,4059,0
218,10,2,SUPPORT,8,17,1,909,5941,787
219,1,1,TANK,24,8,8,10067,2188,2608
219,2,1,DAMAGE,27,5,3,8147,0,0
219,3,1,DAMAGE,19,1,12,7673,732,114
219,4,1,SUPPORT,23,16,9,4564,6094,1366
219,5,1,SUPPORT,21,13,11,7303,4750,0
219,6,2,TANK,19,8,12,7184,0,6842
219,7,2,DAMAGE,25,4,10,7690,484,1248
219,8,2,DAMAGE,28,1,8,10440,0,342
219,9,2,SUPPORT,23,14,4,10125,6158,559
219,10,2,SUPPORT,1,30,7,80,12726,0
220,1,1,TANK,2,2,8,6690,616,9554
220,2,1,DAMAGE,9,0,8,9257,0,0
220,3,1,DAMAGE,9,2,8,10369,0,25
220,4,1,SUPPORT,2,1,2,2627,5759,73
220,5,1,SUPPORT,0,5,3,1088,9736,264
220,6,2,TANK,23,5,1,12838,1568,1569
220,7,2,DAMAGE,11,0,4,6473,0,0
220,8,2,DAMAGE,20,1,5,6472,0,0
220,9,2,SUPPORT,6,19,1,3007,7442,0
220,10,2,SUPPORT,8,13,3,2338,13381,1071
221,1,1,TANK,17,5,11,14793,0,17666
221,2,1,DAMAGE,15,4,16,13556,0,0
221,3,1,DAMAGE,21,3,12,15368,0,0
221,4,1,SUPPORT,11,5,10,6307,9633,837
221,5,1,SUPPORT,4,15,4,2321,10643,0
221,6,2,TANK,28,4,7,12716,6683,2078
221,7,2,DAMAGE,25,0,7,13991,0,503
221,8,2,DAMAGE,29,5,7,10133,168,0
221,9,2,SUPPORT,15,31,5,6453,10723,0
221,10,2,SUPPORT,6,22,7,2083,15940,0
222,1,1,TANK,20,5,8,10915,379,6002
222,2,1,DAMAGE,21,1,2,12539,0,0
222,3,1,DAMAGE,18,9,9,10408,175,583
222,4,1,SUPPORT,1,14,5,226,10102,0
222,5,1,SUPPORT,10,11,8,8235,6476,1054
222,6,2,TANK,17,6,2,7798,0,4424
222,7,2,DAMAGE,16,6,6,8699,0,0
222,8,2,DAMAGE,16,0,10,9409,0,1026
222,9,2,SUPPORT,17,13,5,7037,10385,398
222,10,2,SUPPORT,11,8,6,4516,7773,242
223,1,1,TANK,21,5,4,10687,0,10234
223,2,1,DAMAGE,11,0,10,6359,0,150
223,3,1,DAMAGE,18,0,8,8920,555,624
223,4,1,SUPPORT,6,17,4,2377,8012,658
223,5,1,SUPPORT,12,11,5,4363,7682,0
223,6,2,TANK,15,6,3,9178,789,3820
223,7,2,DAMAGE,19,5,7,8177,0,483
223,8,2,DAMAGE,14,1,6,6610,0,157
223,9,2,SUPPORT,4,16,7,1476,9292,295
223,10,2,SUPPORT,15,8,9,7013,6762,0
224,1,1,TANK,18,6,6,6164,724,3453
224,2,1,DAMAGE,16,3,4,4956,0,0
224,3,1,DAMAGE,14,4,7,6357,2,181
224,4,1,SUPPORT,6,9,7,1726,3919,251
224,5,1,SUPPORT,12,12,5,3955,3714,588
224,6,2,TANK,14,3,7,5841,35,3972
224,7,2,DAMAGE,20,0,4,5183,738,0
224,8,2,DAMAGE,17,3,5,6860,0,38
224,9,2,SUPPORT,7,22,4,2121,3614,160
224,10,2,SUPPORT,12,16,2,3498,4002,0
225,1,1,TANK,16,6,7,9982,1489,3322
225,2,1,DAMAGE,14,0,8,7973,0,139
225,3,1,DAMAGE,16,0,6,7295,0,0
225,4,1,SUPPORT,13,15,4,3186,6613,19
225,5,1,SUPPORT,10,14,7,3394,5900,1409
225,6,2,TANK,16,1,8,7003,0,6991
225,7,2,DAMAGE,21,3,2,11089,0,0
225,8,2,DAMAGE,15,0,6,5216,892,870
225,9,2,SUPPORT,14,18,3,3901,11245,0
225,10,2,SUPPORT,12,14,7,2894,6201,923
226,1,1,TANK,8,3,2,5944,0,12447
226,2,1,DAMAGE,8,0,6,6571,0,629
226,3,1,DAMAGE,8,0,8,5976,543,299
226,4,1,SUPPORT,6,5,9,4066,2895,379
226,5,1,SUPPORT,1,8,5,373,6641,0
226,6,2,TANK,22,7,3,6140,0,5346
226,7,2,DAMAGE,15,4,4,6105,0,1653
226,8,2,DAMAGE,14,0,3,4787,0,0
226,9,2,SUPPORT,16,15,1,4075,7132,111
226,10,2,SUPPORT,7,15,3,2053,5974,549
227,1,1,TANK,14,5,10,9905,592,5741
227,2,1,DAMAGE,14,1,7,5614,0,0
227,3,1,DAMAGE,24,1,10,13035,0,285
227,4,1,SUPPORT,7,14,8,3111,9264,299
227,5,1,SUPPORT,5,14,6,3299,11876,0
227,6,2,TANK,25,3,4,12665,243,5552
227,7,2,DAMAGE,21,4,10,9265,747,0
227,8,2,DAMAGE,21,8,6,9321,92,0
227,9,2,SUPPORT,16,16,7,5300,7686,0
227,10,2,SUPPORT,20,19,6,6176,8785,757
228,1,1,TANK,16,3,10,7729,0,24961
228,2,1,DAMAGE,14,2,13,9407,0,336
228,3,1,DAMAGE,18,4,12,11486,0,266
228,4,1,SUPPORT,11,14,2,2941,12835,167
228,5,1,SUPPORT,13,4,9,9546,6858,0
228,6,2,TANK,25,9,7,11113,995,9360
228,7,2,DAMAGE,19,4,5,10301,0,38
228,8,2,DAMAGE,27,3,9,10428,0,2412
228,9,2,SUPPORT,10,16,7,3694,7654,845
228,10,2,SUPPORT,21,12,8,6939,6913,0
229,1,1,TANK,18,4,5,7751,0,8967
229,2,1,DAMAGE,14,1,7,11124,0,829
229,3,1,DAMAGE,18,5,9,6932,514,0
229,4,1,SUPPORT,1,13,5,1000,9145,0
229,5,1,SUPPORT,10,15,8,2915,7960,466
229,6,2,TANK,16,2,4,9351,0,6484
229,7,2,DAMAGE,15,1,7,8874,0,1158
229,8,2,DAMAGE,18,2,4,11370,0,0
229,9,2,SUPPORT,8,8,6,4397,6323,1931
229,10,2,SUPPORT,2,9,8,1616,5916,613
230,1,1,TANK,11,6,5,6621,0,11472
230,2,1,DAMAGE,8,0,4,5309,0,0
230,3,1,DAMAGE,7,2,10,4480,0,1008
230,4,1,SUPPORT,7,9,7,2390,4410,0
230,5,1,SUPPORT,5,7,6,2715,6805,240
230,6,2,TANK,21,3,5,8752,401,3745
230,7,2,DAMAGE,11,1,2,8895,0,0
230,8,2,DAMAGE,18,3,3,6897,0,138
230,9,2,SUPPORT,7,5,3,2615,3551,582
230,10,2,SUPPORT,0,21,2,0,7339,0
231,1,1,TANK,6,3,7,9220,1049,5008
231,2,1,DAMAGE,9,0,6,7026,712,0
231,3,1,DAMAGE,12,2,7,8006,0,76
231,4,1,SUPPORT,7,8,2,2550,8327,663
231,5,1,SUPPORT,4,5,8,3159,6741,510
231,6,2,TANK,19,1,1,8224,0,13860
231,7,2,DAMAGE,20,2,4,10203,0,78
231,8,2,DAMAGE,15,0,8,7150,0,1021
231,9,2,SUPPORT,11,19,1,2932,10531,897
231,10,2,SUPPORT,15,16,2,5255,10088,0
232,1,1,TANK,18,2,6,9643,0,5801
232,2,1,DAMAGE,18,1,8,10944,1247,675
232,3,1,DAMAGE,16,1,5,9572,0,341
232,4,1,SUPPORT,9,14,5,2932,10121,0
232,5,1,SUPPORT,5,10,7,1676,7855,333
232,6,2,TANK,17,6,4,13004,0,8689
232,7,2,DAMAGE,19,0,10,9015,1993,0
232,8,2,DAMAGE,18,1,7,6114,0,0
232,9,2,SUPPORT,9,15,7,4116,8179,1038
232,10,2,SUPPORT,4,14,5,566,9647,0
233,1,1,TANK,2,0,6,4553,0,2531
233,2,1,DAMAGE,4,0,5,4082,0,0
233,3,1,DAMAGE,4,1,9,6048,0,59
233,4,1,SUPPORT,5,4,6,5757,4215,248
233,5,1,SUPPORT,2,4,3,925,7339,324
233,6,2,TANK,17,1,1,8760,0,3674
233,7,2,DAMAGE,19,1,1,7039,0,1198
233,8,2,DAMAGE,11,1,2,3871,373,419
233,9,2,SUPPORT,9,12,2,1929,6577,437
233,10,2,SUPPORT,5,14,2,1412,6870,0
234,1,1,TANK,13,5,7,11167,172,11135
234,2,1,DAMAGE,12,0,7,10774,0,2740
234,3,1,DAMAGE,15,6,13,9869,329,0
234,4,1,SUPPORT,9,14,6,3290,11232,0
234,5,1,SUPPORT,9,9,7,5108,8937,1391
234,6,2,TANK,23,4,5,12827,252,6848
234,7,2,DAMAGE,22,8,6,8924,0,0
234,8,2,DAMAGE,14,0,8,11735,0,1838
234,9,2,SUPPORT,10,13,3,3525,15637,1057
234,10,2,SUPPORT,15,4,3,5728,9501,0
235,1,1,TANK,16,4,4,8324,0,7792
235,2,1,DAMAGE,13,1,12,9759,876,157
235,3,1,DAMAGE,11,0,10,11823,0,599
235,4,1,SUPPORT,12,5,7,6165,8403,19
235,5,1,SUPPORT,4,14,2,551,10298,1114
235,6,2,TANK,20,4,4,12688,0,19475
235,7,2,DAMAGE,24,1,6,12598,383,456
235,8,2,DAMAGE,21,1,7,9881,0,2591
235,9,2,SUPPORT,4,19,3,3824,9350,0
235,10,2,SUPPORT,2,22,4,812,9596,0
236,1,1,TANK,14,6,8,7435,408,12057
236,2,1,DAMAGE,12,1,5,6893,465,368
236,3,1,DAMAGE,20,2,1,7062,0,0
236,4,1,SUPPORT,16,12,9,7374,8771,0
236,5,1,SUPPORT,10,14,7,2794,9697,1275
236,6,2,TANK,20,4,6,9094,0,6581
236,7,2,DAMAGE,19,1,8,9899,0,262
236,8,2,DAMAGE,16,6,5,10916,0,0
236,9,2,SUPPORT,11,15,6,6090,6495,0
236,10,2,SUPPORT,2,21,2,140,11465,0
237,1,1,TANK,10,3,7,10056,1820,8092
237,2,1,DAMAGE,8,1,7,10505,0,0
237,3,1,DAMAGE,9,2,3,7732,0,580
237,4,1,SUPPORT,3,8,7,1910,8311,477
237,5,1,SUPPORT,5,7,7,3062,10491,659
237,6,2,TANK,16,5,4,10829,126,6734
237,7,2,DAMAGE,19,1,3,14522,1867,0
237,8,2,DAMAGE,16,0,2,6473,0,1260
237,9,2,SUPPORT,5,18,1,2800,11400,0
237,10,2,SUPPORT,13,18,4,3515,8749,583
238,1,1,TANK,17,4,10,11027,1005,7501
238,2,1,DAMAGE,16,0,10,10963,456,390
238,3,1,DAMAGE,17,1,15,8490,0,31
238,4,1,SUPPORT,13,14,7,4072,7559,703
238,5,1,SUPPORT,10,13,11,2587,12207,1095
238,6,2,TANK,18,2,13,13098,0,11317
238,7,2,DAMAGE,33,0,5,13433,0,2751
238,8,2,DAMAGE,20,12,12,8235,0,0
238,9,2,SUPPORT,19,19,5,5521,8860,908
238,10,2,SUPPORT,14,17,1,6020,11875,2212
239,1,1,TANK,23,4,10,13958,348,18707
239,2,1,DAMAGE,22,6,10,14242,0,1037
239,3,1,DAMAGE,17,3,15,11123,0,2196
239,4,1,SUPPORT,8,18,9,4727,13794,0
239,5,1,SUPPORT,16,13,10,6880,9700,1865
239,6,2,TANK,37,6,7,13877,475,5817
239,7,2,DAMAGE,24,1,8,16417,0,0
239,8,2,DAMAGE,23,1,11,14676,102,1216
239,9,2,SUPPORT,3,27,2,306,19568,1023
239,10,2,SUPPORT,18,18,3,6844,10907,623
240,1,1,TANK,16,5,5,7174,0,3498
240,2,1,DAMAGE,13,2,7,7569,0,1517
240,3,1,DAMAGE,10,1,8,5752,0,87
240,4,1,SUPPORT,12,3,6,7158,3474,548
240,5,1,SUPPORT,6,12,3,2880,6126,0
240,6,2,TANK,19,6,4,8008,92,4364
240,7,2,DAMAGE,15,0,7,9515,0,172
240,8,2,DAMAGE,12,4,7,6632,909,1550
240,9,2,SUPPORT,12,17,4,4484,9063,385
240,10,2,SUPPORT,11,18,6,4144,8460,31
241,1,1,TANK,10,4,6,5452,702,2821
241,2,1,DAMAGE,12,2,6,6119,0,66
241,3,1,DAMAGE,7,3,7,4076,0,377
241,4,1,SUPPORT,8,7,2,1935,3013,466
241,5,1,SUPPORT,5,9,2,1774,3119,108
241,6,2,TANK,10,7,5,5222,1240,1584
241,7,2,DAMAGE,16,4,1,4140,0,1101
241,8,2,DAMAGE,18,0,2,6784,0,293
241,9,2,SUPPORT,0,18,1,0,6715,0
241,10,2,SUPPORT,6,9,3,1146,2768,555
242,1,1,TANK,5,3,5,6725,0,4375
242,2,1,DAMAGE,3,0,3,4761,0,0
242,3,1,DAMAGE,3,0,8,6697,0,90
242,4,1,SUPPORT,5,1,6,4047,4066,68
242,5,1,SUPPORT,2,3,3,4514,5107,591
242,6,2,TANK,17,12,1,6420,833,1378
242,7,2,DAMAGE,14,4,1,5758,998,4738
242,8,2,DAMAGE,19,0,2,9225,0,174
242,9,2,SUPPORT,7,18,4,2267,6343,0
242,10,2,SUPPORT,11,16,2,3739,10583,0
243,1,1,TANK,5,2,2,3838,0,5830
243,2,1,DAMAGE,7,2,7,4302,586,1327
243,3,1,DAMAGE,5,0,9,4553,479,104
243,4,1,SUPPORT,7,5,7,2772,3958,75
243,5,1,SUPPORT,4,6,5,2031,6890,0
243,6,2,TANK,21,5,3,9290,0,3579
243,7,2,DAMAGE,18,7,1,7753,0,0
243,8,2,DAMAGE,17,3,2,7966,0,610
243,9,2,SUPPORT,0,18,3,823,4680,297
243,10,2,SUPPORT,7,18,2,2776,5580,1140
244,1,1,TANK,16,1,8,16763,401,12232
244,2,1,DAMAGE,10,0,3,14614,0,0
244,3,1,DAMAGE,20,0,10,16086,0,428
244,4,1,SUPPORT,4,12,11,2943,13065,291
244,5,1,SUPPORT,9,14,6,4983,12535,791
244,6,2,TANK,20,9,4,14989,876,25090
244,7,2,DAMAGE,28,1,9,13894,1744,0
244,8,2,DAMAGE,17,3,9,12174,0,89
244,9,2,SUPPORT,6,21,5,1034,15962,605
244,10,2,SUPPORT,18,16,4,7307,18126,0
245,1,1,TANK,14,4,3,7595,0,9900
245,2,1,DAMAGE,9,0,7,8858,0,0
245,3,1,DAMAGE,11,2,8,9189,0,243
245,4,1,SUPPORT,5,7,8,3032,6966,64
245,5,1,SUPPORT,9,10,7,3602,6456,0
245,6,2,TANK,21,0,4,11399,4174,2425
245,7,2,DAMAGE,9,0,5,5785,0,0
245,8,2,DAMAGE,8,0,7,9617,0,66
245,9,2,SUPPORT,6,8,5,2820,5861,105
245,10,2,SUPPORT,1,8,3,2206,8826,0
246,1,1,TANK,5,1,6,8242,0,9017
246,2,1,DAMAGE,7,0,5,4867,0,142
246,3,1,DAMAGE,2,0,7,3163,0,234
246,4,1,SUPPORT,2,3,8,1952,3238,38
246,5,1,SUPPORT,3,4,1,1284,4583,296
246,6,2,TANK,19,1,1,9005,0,6194
246,7,2,DAMAGE,8,2,2,4389,0,0
246,8,2,DAMAGE,13,0,3,5172,0,0
246,9,2,SUPPORT,12,18,2,3737,6460,1037
246,10,2,SUPPORT,7,9,2,2013,4748,75
247,1,1,TANK,8,2,8,11462,0,9181
247,2,1,DAMAGE,12,1,4,7017,0,0
247,3,1,DAMAGE,7,0,16,6857,299,336
247,4,1,SUPPORT,5,5,9,2948,6654,352
247,5,1,SUPPORT,5,2,10,2057,6314,0
247,6,2,TANK,24,4,1,13081,1063,4221
247,7,2,DAMAGE,26,6,5,7794,0,0
247,8,2,DAMAGE,27,3,6,9081,0,0
247,9,2,SUPPORT,5,23,2,1451,10169,0
247,10,2,SUPPORT,10,12,3,3192,6955,385
248,1,1,TANK,40,8,1,16412,0,5371
248,2,1,DAMAGE,32,8,17,12843,0,366
248,3,1,DAMAGE,31,6,14,16904,2089,319
248,4,1,SUPPORT,6,32,8,3063,14120,515
248,5,1,SUPPORT,22,28,9,7011,14021,5281
248,6,2,TANK,30,8,9,17452,600,18901
248,7,2,DAMAGE,18,0,19,11854,0,2143
248,8,2,DAMAGE,30,0,14,15973,0,294
248,9,2,SUPPORT,12,19,13,6353,8193,670
248,10,2,SUPPORT,16,25,10,7128,14322,3610
249,1,1,TANK,18,11,11,12506,60,14067
249,2,1,DAMAGE,14,0,6,10606,0,830
249,3,1,DAMAGE,25,0,8,17895,1665,2323
249,4,1,SUPPORT,14,18,9,5007,16492,0
249,5,1,SUPPORT,1,17,7,1230,13432,1449
249,6,2,TANK,31,6,4,18723,1017,12178
249,7,2,DAMAGE,18,1,9,12179,1108,1076
249,8,2,DAMAGE,30,3,9,15298,1112,0
249,9,2,SUPPORT,10,25,7,2935,13117,386
249,10,2,SUPPORT,18,19,7,6085,13293,479
250,1,1,TANK,12,3,5,9888,0,10271
250,2,1,DAMAGE,10,2,16,9532,0,3125
250,3,1,DAMAGE,7,1,10,7219,0,26
250,4,1,SUPPORT,2,10,6,2923,11512,0
250,5,1,SUPPORT,1,9,7,3332,12154,0
250,6,2,TANK,27,2,5,14310,135,5463
250,7,2,DAMAGE,29,1,1,11747,182,1055
250,8,2,DAMAGE,21,0,2,11151,0,813
250,9,2,SUPPORT,12,24,3,3316,11447,160
250,10,2,SUPPORT,10,17,5,3073,8378,0
251,1,1,TANK,20,2,15,12029,584,9292
251,2,1,DAMAGE,28,0,11,13893,0,0
251,3,1,DAMAGE,24,1,13,14709,0,637
251,4,1,SUPPORT,16,12,4,3402,9158,2502
251,5,1,SUPPORT,4,17,11,4564,13650,335
251,6,2,TANK,42,9,7,15453,1146,12405
251,7,2,DAMAGE,29,3,11,14387,1369,1093
251,8,2,DAMAGE,29,7,9,11025,0,250
251,9,2,SUPPORT,18,33,8,4716,11253,1063
251,10,2,SUPPORT,35,37,5,10557,13381,0
252,1,1,TANK,22,5,13,13243,745,6477
252,2,1,DAMAGE,25,4,10,17162,759,0
252,3,1,DAMAGE,33,3,5,15689,1077,193
252,4,1,SUPPORT,23,15,10,9406,8172,734
252,5,1,SUPPORT,18,21,7,6458,10747,141
252,6,2,TANK,23,4,7,12936,7843,2138
252,7,2,DAMAGE,18,3,8,11722,0,149
252,8,2,DAMAGE,31,1,12,13776,2877,1537
252,9,2,SUPPORT,11,12,12,3639,10443,521
252,10,2,SUPPORT,15,22,9,2641,16776,1428
253,1,1,TANK,20,3,4,9166,0,12840
253,2,1,DAMAGE,26,2,6,13463,0,0
253,3,1,DAMAGE,19,7,6,7827,46,3150
253,4,1,SUPPORT,8,17,5,3381,9774,0
253,5,1,SUPPORT,14,12,6,3069,10544,516
253,6,2,TANK,15,4,7,10332,2368,6404
253,7,2,DAMAGE,19,2,5,10925,0,0
253,8,2,DAMAGE,12,0,8,6676,752,770
253,9,2,SUPPORT,14,6,5,5422,10937,0
253,10,2,SUPPORT,4,8,7,2735,8490,1067
254,1,1,TANK,4,1,7,5608,912,2556
254,2,1,DAMAGE,6,1,6,3810,265,60
254,3,1,DAMAGE,4,1,6,4421,0,31
254,4,1,SUPPORT,2,2,1,1323,3383,1033
254,5,1,SUPPORT,1,3,5,894,4942,440
254,6,2,TANK,11,6,2,4138,1093,1557
254,7,2,DAMAGE,14,0,1,5449,0,1162
254,8,2,DAMAGE,19,0,2,6137,0,0
254,9,2,SUPPORT,5,11,3,1631,2784,137
254,10,2,SUPPORT,20,14,0,4451,4353,0
255,1,1,TANK,22,8,7,11306,0,6184
255,2,1,DAMAGE,24,9,7,8296,311,0
255,3,1,DAMAGE,12,2,11,7402,464,1177
255,4,1,SUPPORT,12,17,9,3532,7757,350
255,5,1,SUPPORT,11,11,10,2889,9010,173
255,6,2,TANK,24,6,8,10042,0,12405
255,7,2,DAMAGE,19,1,6,7725,138,96
255,8,2,DAMAGE,19,7,8,6081,228,0
255,9,2,SUPPORT,22,11,7,7658,7223,0
255,10,2,SUPPORT,17,23,6,5202,6899,0
256,1,1,TANK,6,2,9,5675,1236,7385
256,2,1,DAMAGE,6,1,7,8861,340,532
256,3,1,DAMAGE,7,1,12,6551,104,1322
256,4,1,SUPPORT,4,3,4,1883,5785,831
256,5,1,SUPPORT,3,5,5,3106,9422,0
256,6,2,TANK,29,6,1,13073,0,13850
256,7,2,DAMAGE,24,2,2,11157,0,676
256,8,2,DAMAGE,19,5,5,7898,0,578
256,9,2,SUPPORT,16,19,2,5575,7232,1027
256,10,2,SUPPORT,1,20,3,510,8226,580
257,1,1,TANK,5,1,3,3297,0,6518
257,2,1,DAMAGE,4,0,3,2033,8,0
257,3,1,DAMAGE,6,0,5,5918,0,0
257,4,1,SUPPORT,4,0,4,1942,1580,0
257,5,1,SUPPORT,1,5,2,1576,5156,73
257,6,2,TANK,6,1,0,3702,0,9664
257,7,2,DAMAGE,11,1,3,5981,0,55
257,8,2,DAMAGE,6,0,4,4266,472,0
257,9,2,SUPPORT,3,5,3,1905,3109,0
257,10,2,SUPPORT,2,10,0,517,5389,0
258,1,1,TANK,18,9,6,10478,0,13780
258,2,1,DAMAGE,15,7,11,6560,105,1255
258,3,1,DAMAGE,13,5,13,9330,0,24
258,4,1,SUPPORT,10,11,8,3383,10388,939
258,5,1,SUPPORT,15,13,9,7816,12228,0
258,6,2,TANK,24,6,8,11594,154,8855
258,7,2,DAMAGE,20,3,5,13257,0,0
258,8,2,DAMAGE,26,0,7,11558,0,8
258,9,2,SUPPORT,7,13,5,3339,9988,347
258,10,2,SUPPORT,24,13,3,6851,9047,0
259,1,1,TANK,4,0,6,6569,1546,1038
259,2,1,DAMAGE,8,0,6,5060,0,122
259,3,1,DAMAGE,7,2,5,4662,168,0
259,4,1,SUPPORT,2,4,2,720,2204,0
259,5,1,SUPPORT,7,7,5,3881,3047,232
259,6,2,TANK,19,6,5,6011,580,3096
259,7,2,DAMAGE,14,0,3,5097,0,1173
259,8,2,DAMAGE,17,0,3,6159,0,126
259,9,2,SUPPORT,4,13,1,814,5711,197
259,10,2,SUPPORT,6,14,3,1232,5542,478
260,1,1,TANK,2,0,7,2053,0,3562
260,2,1,DAMAGE,3,0,2,2338,0,501
260,3,1,DAMAGE,2,1,6,3518,0,69
260,4,1,SUPPORT,1,2,3,1164,3338,1177
260,5,1,SUPPORT,1,1,5,1019,3461,75
260,6,2,TANK,17,5,0,6005,0,2916
260,7,2,DAMAGE,10,3,2,4384,0,0
260,8,2,DAMAGE,15,3,0,4330,0,0
260,9,2,SUPPORT,13,6,1,4327,2749,0
260,10,2,SUPPORT,0,21,0,0,5069,0
261,1,1,TANK,6,1,3,5124,0,1538
261,2,1,DAMAGE,5,0,6,3770,583,96
261,3,1,DAMAGE,5,0,4,3212,304,0
261,4,1,SUPPORT,4,6,3,996,5319,0
261,5,1,SUPPORT,4,1,7,2732,2627,0
261,6,2,TANK,13,0,2,5233,1038,1816
261,7,2,DAMAGE,14,3,2,6934,0,352
261,8,2,DAMAGE,13,1,2,5132,0,0
261,9,2,SUPPORT,9,15,2,2613,3394,0
261,10,2,SUPPORT,3,12,3,221,4352,0
262,1,1,TANK,13,4,8,7885,4202,1975
262,2,1,DAMAGE,14,1,8,5180,449,0
262,3,1,DAMAGE,14,2,7,8065,0,1274
262,4,1,SUPPORT,10,5,0,2009,3660,985
262,5,1,SUPPORT,12,13,8,5471,5164,0
262,6,2,TANK,17,5,6,10183,646,4355
262,7,2,DAMAGE,20,0,5,10523,0,152
262,8,2,DAMAGE,13,4,6,4667,0,213
262,9,2,SUPPORT,9,12,5,3067,6241,62
262,10,2,SUPPORT,10,15,5,2478,7787,0
263,1,1,TANK,12,2,4,3982,952,2188
263,2,1,DAMAGE,8,0,1,7548,166,0
263,3,1,DAMAGE,10,0,7,8601,0,144
263,4,1,SUPPORT,3,10,4,2618,5717,639
263,5,1,SUPPORT,0,9,7,502,6584,0
263,6,2,TANK,19,2,3,7650,0,2582
263,7,2,DAMAGE,11,0,4,5019,0,77
263,8,2,DAMAGE,6,4,5,5393,0,0
263,9,2,SUPPORT,8,13,2,1839,6827,0
263,10,2,SUPPORT,16,7,2,6238,3513,0
264,1,1,TANK,27,3,9,16731,0,9996
264,2,1,DAMAGE,16,0,11,11537,0,2061
264,3,1,DAMAGE,21,6,16,11263,1369,1972
264,4,1,SUPPORT,22,21,12,10768,13881,0
264,5,1,SUPPORT,6,21,18,2294,11696,320
264,6,2,TANK,26,1,16,11866,0,22150
264,7,2,DAMAGE,40,0,10,20333,0,2940
264,8,2,DAMAGE,34,2,7,15609,0,0
264,9,2,SUPPORT,28,15,4,8160,13423,423
264,10,2,SUPPORT,10,27,4,3339,16365,1516
265,1,1,TANK,21,4,10,10343,441,4948
265,2,1,DAMAGE,24,0,6,13570,0,314
265,3,1,DAMAGE,18,2,8,12919,0,0
265,4,1,SUPPORT,7,11,1,2150,4215,1595
265,5,1,SUPPORT,0,29,3,40,12115,0
265,6,2,TANK,13,4,8,7581,2860,5398
265,7,2,DAMAGE,12,1,11,10810,0,73
265,8,2,DAMAGE,15,8,7,7038,1551,0
265,9,2,SUPPORT,9,10,5,5741,6898,0
265,10,2,SUPPORT,10,15,4,3387,9674,838
266,1,1,TANK,18,7,11,10403,409,9589
266,2,1,DAMAGE,9,3,7,11126,226,400
266,3,1,DAMAGE,20,0,9,14737,2898,0
266,4,1,SUPPORT,19,16,10,11192,10552,0
266,5,1,SUPPORT,11,13,9,4840,13456,2584
266,6,2,TANK,29,14,3,13033,0,11897
266,7,2,DAMAGE,32,1,7,12634,1023,1355
266,8,2,DAMAGE,30,6,5,14405,604,7
266,9,2,SUPPORT,15,26,6,5758,13237,148
266,10,2,SUPPORT,21,20,8,6558,11475,2340
267,1,1,TANK,13,5,11,9738,0,6489
267,2,1,DAMAGE,15,3,17,10492,0,0
267,3,1,DAMAGE,11,0,12,7896,0,778
267,4,1,SUPPORT,12,8,12,7120,7143,0
267,5,1,SUPPORT,0,14,11,140,10813,0
267,6,2,TANK,42,10,3,14956,0,6819
267,7,2,DAMAGE,34,2,7,13563,1057,17
267,8,2,DAMAGE,43,2,4,11353,625,1712
267,9,2,SUPPORT,20,17,5,7386,8108,250
267,10,2,SUPPORT,0,40,5,0,11446,0
268,1,1,TANK,27,3,14,13440,0,19058
268,2,1,DAMAGE,22,1,14,15951,0,454
268,3,1,DAMAGE,20,11,10,13884,1583,2342
268,4,1,SUPPORT,13,17,11,5028,8322,1719
268,5,1,SUPPORT,20,27,9,3600,15997,456
268,6,2,TANK,40,7,6,15459,225,14889
268,7,2,DAMAGE,25,3,6,9394,665,0
268,8,2,DAMAGE,32,0,9,19190,182,1753
268,9,2,SUPPORT,23,37,6,6737,14856,930
268,10,2,SUPPORT,18,28,12,6732,13498,5219
269,1,1,TANK,0,0,6,2907,0,3113
269,2,1,DAMAGE,0,0,2,3697,0,0
269,3,1,DAMAGE,2,0,9,2314,0,0
269,4,1,SUPPORT,1,0,3,2874,2243,100
269,5,1,SUPPORT,0,1,2,0,2918,0
269,6,2,TANK,11,1,0,5639,1509,48
269,7,2,DAMAGE,9,4,1,4262,0,0
269,8,2,DAMAGE,10,1,1,4439,0,0
269,9,2,SUPPORT,4,5,0,1549,2847,0
269,10,2,SUPPORT,3,7,0,870,4540,0
270,1,1,TANK,24,6,7,10184,0,11571
270,2,1,DAMAGE,26,5,15,13256,0,124
270,3,1,DAMAGE,24,0,12,14517,0,1567
270,4,1,SUPPORT,11,17,10,6046,8693,406
270,5,1,SUPPORT,2,19,13,775,10155,0
270,6,2,TANK,29,5,7,13866,0,11501
270,7,2,DAMAGE,38,3,11,14709,249,37
270,8,2,DAMAGE,27,2,11,12957,102,606
270,9,2,SUPPORT,14,24,8,4722,12264,120
270,10,2,SUPPORT,16,18,5,7581,10892,326
271,1,1,TANK,16,4,7,9754,311,10268
271,2,1,DAMAGE,19,0,7,10322,1102,0
271,3,1,DAMAGE,22,8,8,11383,0,0
271,4,1,SUPPORT,16,20,2,4037,12539,555
271,5,1,SUPPORT,14,15,4,4354,9496,503
271,6,2,TANK,16,3,7,12947,290,16797
271,7,2,DAMAGE,11,1,7,8587,0,98
271,8,2,DAMAGE,17,0,7,10797,0,2170
271,9,2,SUPPORT,7,13,7,4538,9364,35
271,10,2,SUPPORT,10,17,6,2651,9837,797
272,1,1,TANK,19,2,5,9278,0,8160
272,2,1,DAMAGE,13,0,2,5110,0,0
272,3,1,DAMAGE,12,2,9,6695,0,2020
272,4,1,SUPPORT,9,10,7,4060,10789,0
272,5,1,SUPPORT,16,11,6,4426,9174,76
272,6,2,TANK,13,5,5,9462,0,11247
272,7,2,DAMAGE,17,1,3,9870,0,0
272,8,2,DAMAGE,14,0,9,8583,41,936
272,9,2,SUPPORT,7,12,6,2716,9601,0
272,10,2,SUPPORT,11,6,6,8873,5483,0
273,1,1,TANK,6,1,2,7271,0,5436
273,2,1,DAMAGE,7,1,7,6826,375,330
273,3,1,DAMAGE,6,0,7,4992,0,88
273,4,1,SUPPORT,4,7,5,2668,5848,1075
273,5,1,SUPPORT,5,7,5,2785,6529,0
273,6,2,TANK,19,3,3,9250,282,7510
273,7,2,DAMAGE,12,3,3,7920,1052,0
273,8,2,DAMAGE,16,0,4,6504,0,631
273,9,2,SUPPORT,7,13,1,3246,6743,1846
273,10,2,SUPPORT,2,5,3,2351,5299,618
274,1,1,TANK,26,12,10,17931,0,21948
274,2,1,DAMAGE,17,0,11,13860,0,325
274,3,1,DAMAGE,15,3,14,12027,0,1455
274,4,1,SUPPORT,9,12,7,5478,11666,1414
274,5,1,SUPPORT,15,16,9,6156,16652,1875
274,6,2,TANK,30,2,6,17043,0,23004
274,7,2,DAMAGE,24,1,13,12465,0,2254
274,8,2,DAMAGE,33,2,5,17888,385,86
274,9,2,SUPPORT,17,25,7,7861,13243,1116
274,10,2,SUPPORT,16,21,4,5437,15862,1871
275,1,1,TANK,1,0,4,3034,0,4890
275,2,1,DAMAGE,1,0,2,1770,0,0
275,3,1,DAMAGE,0,0,7,1610,344,60
275,4,1,SUPPORT,0,1,4,1169,5573,0
275,5,1,SUPPORT,1,1,5,3373,2680,0
275,6,2,TANK,13,2,0,5712,0,5346
275,7,2,DAMAGE,12,8,0,4809,40,440
275,8,2,DAMAGE,17,0,1,6824,0,0
275,9,2,SUPPORT,5,8,0,2160,3984,6
275,10,2,SUPPORT,8,13,0,2545,3188,0
276,1,1,TANK,20,2,6,11055,0,13104
276,2,1,DAMAGE,14,2,9,8248,461,1734
276,3,1,DAMAGE,20,0,7,12103,409,2650
276,4,1,SUPPORT,3,9,8,3279,7968,537
276,5,1,SUPPORT,0,17,7,0,12483,0
276,6,2,TANK,22,3,6,13050,0,13665
276,7,2,DAMAGE,23,0,9,13357,0,207
276,8,2,DAMAGE,19,5,7,12900,918,0
276,9,2,SUPPORT,6,17,5,2968,7486,483
276,10,2,SUPPORT,9,10,5,4827,7817,120
277,1,1,TANK,23,2,10,21438,0,12682
277,2,1,DAMAGE,13,5,10,10768,0,1186
277,3,1,DAMAGE,13,1,15,9285,0,2625
277,4,1,SUPPORT,14,15,11,4933,8792,771
277,5,1,SUPPORT,12,16,5,7420,12795,183
277,6,2,TANK,14,3,7,8316,0,16146
277,7,2,DAMAGE,29,0,8,14876,0,1395
277,8,2,DAMAGE,22,5,3,12674,0,0
277,9,2,SUPPORT,15,24,4,3338,18451,2346
277,10,2,SUPPORT,15,24,8,7258,14750,308
278,1,1,TANK,2,2,3,3045,459,1831
278,2,1,DAMAGE,5,0,2,3220,0,0
278,3,1,DAMAGE,6,0,4,3916,0,80
278,4,1,SUPPORT,6,3,5,3245,372,0
278,5,1,SUPPORT,1,7,3,1581,3184,376
278,6,2,TANK,12,3,1,3544,700,3117
278,7,2,DAMAGE,9,0,3,3269,692,0
278,8,2,DAMAGE,7,0,2,2635,0,5
278,9,2,SUPPORT,8,11,1,2161,4698,415
278,10,2,SUPPORT,4,5,2,1694,2679,117
279,1,1,TANK,20,13,4,10509,0,23316
279,2,1,DAMAGE,24,0,11,10659,579,1889
279,3,1,DAMAGE,17,1,9,12692,0,79
279,4,1,SUPPORT,5,15,9,1720,13099,883
279,5,1,SUPPORT,15,17,10,6564,11678,403
279,6,2,TANK,30,5,9,12903,1398,11829
279,7,2,DAMAGE,25,1,7,12164,1502,0
279,8,2,DAMAGE,22,3,8,11981,0,0
279,9,2,SUPPORT,5,22,5,1821,9966,1390
279,10,2,SUPPORT,14,9,7,6265,6695,629
280,1,1,TANK,25,8,9,13375,2581,7180
280,2,1,DAMAGE,25,1,11,17271,0,436
280,3,1,DAMAGE,18,2,14,11538,746,357
280,4,1,SUPPORT,13,15,5,7232,17778,352
280,5,1,SUPPORT,16,17,9,5898,12565,528
280,6,2,TANK,32,9,10,19649,0,15161
280,7,2,DAMAGE,22,0,10,14016,473,650
280,8,2,DAMAGE,27,5,8,15164,305,172
280,9,2,SUPPORT,0,32,5,300,19991,0
280,10,2,SUPPORT,24,14,6,8551,11191,1576
281,1,1,TANK,23,5,11,14628,0,19062
281,2,1,DAMAGE,24,0,4,10791,0,0
281,3,1,DAMAGE,22,6,7,9489,206,692
281,4,1,SUPPORT,8,9,12,4556,5627,627
281,5,1,SUPPORT,12,13,12,5190,11728,2340
281,6,2,TANK,31,8,4,14820,3356,3122
281,7,2,DAMAGE,25,0,7,13635,1943,200
281,8,2,DAMAGE,29,8,11,9103,328,2730
281,9,2,SUPPORT,13,23,10,2604,9984,193
281,10,2,SUPPORT,10,20,7,2174,9353,0
282,1,1,TANK,18,5,5,6461,0,7779
282,2,1,DAMAGE,18,1,9,8846,835,0
282,3,1,DAMAGE,15,3,8,8575,0,0
282,4,1,SUPPORT,7,13,6,2788,7484,646
282,5,1,SUPPORT,8,10,8,2348,7312,0
282,6,2,TANK,17,9,4,9844,0,7837
282,7,2,DAMAGE,19,1,5,11586,0,41
282,8,2,DAMAGE,22,0,10,9788,0,1734
282,9,2,SUPPORT,7,14,5,3037,7269,3200
282,10,2,SUPPORT,7,16,5,3075,8642,792
283,1,1,TANK,12,2,6,7249,0,13384
283,2,1,DAMAGE,6,0,8,5208,0,131
283,3,1,DAMAGE,12,2,7,6307,0,0
283,4,1,SUPPORT,7,8,3,3148,7373,102
283,5,1,SUPPORT,5,7,8,2771,5767,1347
283,6,2,TANK,17,5,5,10883,0,9397
283,7,2,DAMAGE,16,1,3,8510,0,0
283,8,2,DAMAGE,13,2,6,5514,0,843
283,9,2,SUPPORT,12,10,4,2459,4412,522
283,10,2,SUPPORT,13,13,4,2908,8484,415
284,1,1,TANK,26,6,9,15242,0,12083
284,2,1,DAMAGE,31,1,7,12086,430,263
284,3,1,DAMAGE,20,0,5,9910,0,0
284,4,1,SUPPORT,16,18,8,5509,8933,4380
284,5,1,SUPPORT,19,12,8,4317,12815,932
284,6,2,TANK,21,6,5,15342,1101,10192
284,7,2,DAMAGE,19,0,8,9998,1650,638
284,8,2,DAMAGE,19,1,8,9806,584,364
284,9,2,SUPPORT,9,17,11,3989,10666,41
284,10,2,SUPPORT,15,18,9,3307,14111,99
285,1,1,TANK,16,5,8,9767,411,9398
285,2,1,DAMAGE,13,5,7,7185,422,59
285,3,1,DAMAGE,9,0,9,6416,792,399
285,4,1,SUPPORT,5,7,4,3848,5079,204
285,5,1,SUPPORT,5,7,5,3045,6452,357
285,6,2,TANK,21,4,1,9271,0,12534
285,7,2,DAMAGE,16,1,6,7139,997,120
285,8,2,DAMAGE,15,0,8,8701,953,36
285,9,2,SUPPORT,14,17,3,3371,9036,40
285,10,2,SUPPORT,8,13,5,1983,6753,369
286,1,1,TANK,9,0,9,9399,2396,1961
286,2,1,DAMAGE,15,4,6,9101,0,0
286,3,1,DAMAGE,16,2,10,8270,0,832
286,4,1,SUPPORT,6,12,6,2846,10254,411
286,5,1,SUPPORT,12,3,10,6500,8545,0
286,6,2,TANK,28,5,4,13067,0,8912
286,7,2,DAMAGE,23,0,5,10097,2623,0
286,8,2,DAMAGE,23,3,7,7989,0,0
286,9,2,SUPPORT,14,21,4,4064,8871,1371
286,10,2,SUPPORT,18,21,3,4923,9520,0
287,1,1,TANK,20,4,5,9610,0,14174
287,2,1,DAMAGE,16,0,10,9175,0,1304
287,3,1,DAMAGE,17,5,8,12190,0,0
287,4,1,SUPPORT,10,15,10,2789,12552,45
287,5,1,SUPPORT,5,14,8,4550,13557,0
287,6,2,TANK,28,12,6,13463,0,12541
287,7,2,DAMAGE,22,4,3,10082,494,0
287,8,2,DAMAGE,21,3,6,12749,1513,241
287,9,2,SUPPORT,16,22,6,4891,12051,1222
287,10,2,SUPPORT,16,12,6,6152,8229,183
288,1,1,TANK,9,3,10,8962,1928,7326
288,2,1,DAMAGE,11,2,10,5420,0,0
288,3,1,DAMAGE,9,0,4,6742,0,303
288,4,1,SUPPORT,7,5,3,3984,8956,540
288,5,1,SUPPORT,7,2,9,3278,7993,1582
288,6,2,TANK,27,6,1,10816,0,16844
288,7,2,DAMAGE,20,1,7,8875,0,138
288,8,2,DAMAGE,26,12,4,12107,247,3416
288,9,2,SUPPORT,12,19,6,3702,8018,0
288,10,2,SUPPORT,11,18,2,4711,7414,657
289,1,1,TANK,12,2,5,9716,0,9565
289,2,1,DAMAGE,11,2,5,5435,0,0
289,3,1,DAMAGE,11,0,7,11094,0,814
289,4,1,SUPPORT,10,7,7,5652,6917,483
289,5,1,SUPPORT,7,6,6,2867,9749,495
289,6,2,TANK,19,3,3,11579,3029,2673
289,7,2,DAMAGE,20,0,8,8564,0,258
289,8,2,DAMAGE,14,2,6,7783,572,0
289,9,2,SUPPORT,6,12,3,3465,9412,523
289,10,2,SUPPORT,4,14,4,2389,8643,17
290,1,1,TANK,9,1,6,11041,0,13862
290,2,1,DAMAGE,9,2,8,5294,133,0
290,3,1,DAMAGE,4,0,7,4336,0,27
290,4,1,SUPPORT,4,5,8,3257,4665,596
290,5,1,SUPPORT,5,6,8,2862,6076,0
290,6,2,TANK,22,9,4,9978,0,5809
290,7,2,DAMAGE,21,0,2,8176,0,1573
290,8,2,DAMAGE,16,3,1,7419,0,0
290,9,2,SUPPORT,6,11,3,754,7229,233
290,10,2,SUPPORT,7,20,2,2082,8502,0
291,1,1,TANK,10,0,6,7924,0,10147
291,2,1,DAMAGE,6,1,6,6696,0,0
291,3,1,DAMAGE,8,0,8,4385,0,192
291,4,1,SUPPORT,6,9,7,1866,4993,494
291,5,1,SUPPORT,9,5,5,3528,5452,260
291,6,2,TANK,23,5,2,8585,0,10127
291,7,2,DAMAGE,20,0,2,5939,0,0
291,8,2,DAMAGE,16,4,5,5624,1678,987
291,9,2,SUPPORT,9,15,2,3288,7864,958
291,10,2,SUPPORT,13,12,4,2775,4771,576
292,1,1,TANK,5,2,3,4190,0,2808
292,2,1,DAMAGE,19,0,6,11235,0,752
292,3,1,DAMAGE,19,7,9,9863,0,170
292,4,1,SUPPORT,9,7,11,5078,5974,66
292,5,1,SUPPORT,12,18,7,4338,11789,239
292,6,2,TANK,28,5,4,13026,0,18295
292,7,2,DAMAGE,22,1,11,11087,17,871
292,8,2,DAMAGE,25,0,4,9127,0,0
292,9,2,SUPPORT,0,20,8,334,13721,0
292,10,2,SUPPORT,11,13,6,5291,8923,260
293,1,1,TANK,15,3,3,6266,0,11930
293,2,1,DAMAGE,15,7,11,5496,0,0
293,3,1,DAMAGE,14,2,9,8203,0,0
293,4,1,SUPPORT,0,17,6,250,7352,0
293,5,1,SUPPORT,8,14,7,1679,6558,353
293,6,2,TANK,19,0,3,8582,0,6487
293,7,2,DAMAGE,15,0,8,5729,0,80
293,8,2,DAMAGE,13,1,7,6554,456,0
293,9,2,SUPPORT,5,3,7,5320,3367,0
293,10,2,SUPPORT,10,6,5,2096,3903,72
294,1,1,TANK,22,4,8,17285,7860,5249
294,2,1,DAMAGE,18,5,7,19710,924,0
294,3,1,DAMAGE,26,3,6,13507,0,0
294,4,1,SUPPORT,6,27,7,1927,16570,0
294,5,1,SUPPORT,18,11,8,9070,9354,454
294,6,2,TANK,16,3,10,18012,2639,11152
294,7,2,DAMAGE,13,3,11,10101,318,1368
294,8,2,DAMAGE,24,3,5,15228,0,170
294,9,2,SUPPORT,19,10,9,8177,11322,0
294,10,2,SUPPORT,4,8,9,3087,14263,977
295,1,1,TANK,10,1,11,5172,0,7495
295,2,1,DAMAGE,13,0,9,5306,0,554
295,3,1,DAMAGE,11,2,11,7034,1097,0
295,4,1,SUPPORT,5,11,5,2549,5036,487
295,5,1,SUPPORT,8,8,3,2328,5835,292
295,6,2,TANK,26,6,2,8668,0,4968
295,7,2,DAMAGE,24,0,2,8597,0,254
295,8,2,DAMAGE,20,0,7,6006,0,1151
295,9,2,SUPPORT,15,14,7,3530,3807,621
295,10,2,SUPPORT,11,21,3,3141,6162,284
296,1,1,TANK,14,4,6,8975,287,5092
296,2,1,DAMAGE,19,7,4,8222,0,0
296,3,1,DAMAGE,15,0,9,5561,0,735
296,4,1,SUPPORT,14,10,8,4412,5940,0
296,5,1,SUPPORT,11,7,6,3451,6870,0
296,6,2,TANK,18,0,4,7936,0,7105
296,7,2,DAMAGE,17,0,7,6773,0,751
296,8,2,DAMAGE,20,6,5,7120,1385,3727
296,9,2,SUPPORT,8,14,4,2807,7760,1671
296,10,2,SUPPORT,14,17,5,5232,8504,30
297,1,1,TANK,10,1,5,5766,0,9771
297,2,1,DAMAGE,7,0,8,4280,885,535
297,3,1,DAMAGE,4,0,5,3826,0,38
297,4,1,SUPPORT,6,4,8,2145,3499,0
297,5,1,SUPPORT,0,6,3,1195,4601,1944
297,6,2,TANK,21,7,1,4988,0,6193
297,7,2,DAMAGE,11,0,4,3563,0,0
297,8,2,DAMAGE,17,0,3,5858,0,418
297,9,2,SUPPORT,22,8,1,6574,4744,311
297,10,2,SUPPORT,1,8,5,748,4130,178
298,1,1,TANK,21,8,10,11208,2617,8184
298,2,1,DAMAGE,20,0,11,9138,1095,90
298,3,1,DAMAGE,25,7,13,10915,418,0
298,4,1,SUPPORT,11,9,9,3382,8596,611
298,5,1,SUPPORT,14,7,10,5640,7044,0
298,6,2,TANK,28,7,10,12977,0,11981
298,7,2,DAMAGE,28,5,9,10288,127,901
298,8,2,DAMAGE,26,0,9,9522,0,220
298,9,2,SUPPORT,21,17,6,5394,10537,308
298,10,2,SUPPORT,10,12,9,4934,8013,110
299,1,1,TANK,25,6,8,11276,0,7721
299,2,1,DAMAGE,25,0,4,7528,0,0
299,3,1,DAMAGE,17,2,11,12213,0,288
299,4,1,SUPPORT,12,13,12,2946,8467,1382
299,5,1,SUPPORT,16,24,9,6181,14934,0
299,6,2,TANK,29,5,8,12875,98,13387
299,7,2,DAMAGE,28,0,7,12405,1468,90
299,8,2,DAMAGE,25,5,5,7763,89,196
299,9,2,SUPPORT,27,19,6,7477,11826,0
299,10,2,SUPPORT,8,17,10,3434,8847,486
300,1,1,TANK,13,3,2,7719,0,10963
300,2,1,DAMAGE,9,1,7,4328,70,0
300,3,1,DAMAGE,4,0,10,5910,845,149
300,4,1,SUPPORT,6,4,7,4738,7087,358
300,5,1,SUPPORT,2,12,8,1360,7392,0
300,6,2,TANK,23,8,2,10991,0,6197
300,7,2,DAMAGE,11,1,5,8849,0,0
300,8,2,DAMAGE,13,0,6,5569,387,232
300,9,2,SUPPORT,10,15,3,2747,6163,230
300,10,2,SUPPORT,11,13,3,2717,7885,0
301,1,1,TANK,1,0,5,4088,0,6811
301,2,1,DAMAGE,0,0,4,2213,762,635
301,3,1,DAMAGE,2,0,4,3504,0,0
301,4,1,SUPPORT,1,2,3,1082,3753,251
301,5,1,SUPPORT,0,2,3,613,4317,0
301,6,2,TANK,10,3,1,4400,0,8231
301,7,2,DAMAGE,14,2,1,3816,0,0
301,8,2,DAMAGE,12,2,1,5248,0,0
301,9,2,SUPPORT,9,7,0,3793,2973,0
301,10,2,SUPPORT,1,5,0,253,4944,529
302,1,1,TANK,28,9,4,13542,0,14422
302,2,1,DAMAGE,15,6,3,6984,0,0
302,3,1,DAMAGE,26,1,5,10154,917,5742
302,4,1,SUPPORT,9,18,5,2179,12018,0
302,5,1,SUPPORT,16,19,6,5715,8467,1224
302,6,2,TANK,10,2,8,9646,0,11107
302,7,2,DAMAGE,12,0,7,7159,1142,18
302,8,2,DAMAGE,12,0,7,9795,900,561
302,9,2,SUPPORT,4,11,8,2827,5894,707
302,10,2,SUPPORT,7,12,7,5672,10010,4006
303,1,1,TANK,8,1,11,6580,2018,5982
303,2,1,DAMAGE,12,5,6,10110,174,1284
303,3,1,DAMAGE,7,1,8,8494,241,430
303,4,1,SUPPORT,7,10,5,2106,8087,2128
303,5,1,SUPPORT,7,6,8,3157,10154,931
303,6,2,TANK,16,5,5,10884,0,13116
303,7,2,DAMAGE,27,2,2,15119,0,0
303,8,2,DAMAGE,20,5,5,11205,0,178
303,9,2,SUPPORT,6,7,3,3140,7454,0
303,10,2,SUPPORT,7,21,3,2368,8759,687
304,1,1,TANK,16,3,5,11642,0,15849
304,2,1,DAMAGE,12,2,12,8534,0,421
304,3,1,DAMAGE,11,1,10,7216,0,234
304,4,1,SUPPORT,8,8,5,4286,4820,548
304,5,1,SUPPORT,6,14,9,1415,11795,0
304,6,2,TANK,27,5,4,11356,0,15258
304,7,2,DAMAGE,20,0,8,9663,928,276
304,8,2,DAMAGE,17,5,5,9389,0,0
304,9,2,SUPPORT,6,13,4,3610,10529,1852
304,10,2,SUPPORT,12,14,4,5255,8803,493
305,1,1,TANK,18,2,7,6628,468,4687
305,2,1,DAMAGE,9,0,6,5715,0,0
305,3,1,DAMAGE,10,2,9,4359,0,0
305,4,1,SUPPORT,21,9,9,7123,4094,0
305,5,1,SUPPORT,7,12,7,2058,6773,212
305,6,2,TANK,21,3,5,7279,183,4099
305,7,2,DAMAGE,24,2,6,7715,0,33
305,8,2,DAMAGE,17,6,9,5494,454,0
305,9,2,SUPPORT,12,12,4,4629,5916,420
305,10,2,SUPPORT,11,18,4,2636,6394,0
306,1,1,TANK,15,3,7,8313,536,5024
306,2,1,DAMAGE,16,1,10,5964,552,0
306,3,1,DAMAGE,15,0,7,5476,0,415
306,4,1,SUPPORT,9,3,2,2718,4254,0
306,5,1,SUPPORT,7,15,10,2500,3961,0
306,6,2,TANK,22,1,4,8076,0,7813
306,7,2,DAMAGE,17,2,5,6729,0,84
306,8,2,DAMAGE,17,1,8,6122,0,555
306,9,2,SUPPORT,7,10,5,2862,5588,0
306,10,2,SUPPORT,12,15,4,2228,7974,546
307,1,1,TANK,10,2,5,6029,0,9015
307,2,1,DAMAGE,11,4,6,3867,131,0
307,3,1,DAMAGE,7,2,9,5314,0,214
307,4,1,SUPPORT,3,6,7,1257,3367,1592
307,5,1,SUPPORT,7,7,5,2050,4689,0
307,6,2,TANK,19,3,4,5051,4,2447
307,7,2,DAMAGE,18,2,3,6525,0,1011
307,8,2,DAMAGE,20,0,3,4706,0,0
307,9,2,SUPPORT,10,13,4,2469,4808,0
307,10,2,SUPPORT,11,8,4,2397,2158,938
308,1,1,TANK,12,1,10,14447,1798,7832
308,2,1,DAMAGE,12,0,8,7301,0,0
308,3,1,DAMAGE,16,1,13,12237,0,1182
308,4,1,SUPPORT,3,15,9,411,17550,0
308,5,1,SUPPORT,6,12,10,3666,13070,576
308,6,2,TANK,31,12,2,17294,0,6921
308,7,2,DAMAGE,30,0,9,13396,235,124
308,8,2,DAMAGE,28,6,6,12635,0,85
308,9,2,SUPPORT,12,33,3,4438,13259,0
308,10,2,SUPPORT,16,22,7,5754,11992,467
309,1,1,TANK,21,6,6,9347,0,18153
309,2,1,DAMAGE,22,1,11,10524,752,3029
309,3,1,DAMAGE,28,0,12,12315,221,286
309,4,1,SUPPORT,19,20,8,8236,11448,1031
309,5,1,SUPPORT,6,13,11,1854,10386,562
309,6,2,TANK,34,4,7,12506,527,7020
309,7,2,DAMAGE,26,0,11,12606,333,780
309,8,2,DAMAGE,22,4,9,10918,0,299
309,9,2,SUPPORT,7,15,9,4818,5721,1049
309,10,2,SUPPORT,15,19,6,4411,10712,0
310,1,1,TANK,19,4,9,12136,396,17135
310,2,1,DAMAGE,21,3,6,12453,0,0
310,3,1,DAMAGE,30,0,8,13175,0,1107
310,4,1,SUPPORT,9,18,13,3913,14096,16
310,5,1,SUPPORT,18,14,12,9313,11619,1017
310,6,2,TANK,31,11,6,16760,0,10542
310,7,2,DAMAGE,22,6,10,13776,387,117
310,8,2,DAMAGE,25,4,12,11872,459,3458
310,9,2,SUPPORT,13,24,7,4920,15437,532
310,10,2,SUPPORT,13,22,10,4678,12720,1045
311,1,1,TANK,26,4,8,10715,326,10933
311,2,1,DAMAGE,15,1,7,11429,757,0
311,3,1,DAMAGE,15,3,9,8526,0,47
311,4,1,SUPPORT,19,11,2,5779,9826,0
311,5,1,SUPPORT,14,12,7,6639,9268,2507
311,6,2,TANK,12,4,8,7486,1417,11660
311,7,2,DAMAGE,20,0,11,11851,0,688
311,8,2,DAMAGE,22,11,2,8869,806,0
311,9,2,SUPPORT,17,14,6,5705,10678,314
311,10,2,SUPPORT,16,17,8,6466,10064,0
312,1,1,TANK,7,2,5,5436,0,3040
312,2,1,DAMAGE,5,1,8,2705,0,54
312,3,1,DAMAGE,2,0,3,2306,748,944
312,4,1,SUPPORT,4,3,4,1691,3863,565
312,5,1,SUPPORT,3,3,7,1735,2537,1093
312,6,2,TANK,23,2,1,6881,20,2038
312,7,2,DAMAGE,15,7,2,3984,1459,2296
312,8,2,DAMAGE,8,0,6,2845,0,0
312,9,2,SUPPORT,15,11,1,2169,3580,0
312,10,2,SUPPORT,12,13,2,2590,2881,351
313,1,1,TANK,13,0,13,11491,0,16282
313,2,1,DAMAGE,12,0,10,12862,0,810
313,3,1,DAMAGE,17,2,10,11881,74,4182
313,4,1,SUPPORT,8,13,7,6039,11785,1128
313,5,1,SUPPORT,9,8,4,4268,9268,2163
313,6,2,TANK,30,10,7,13327,1358,8513
313,7,2,DAMAGE,19,2,4,11469,0,37
313,8,2,DAMAGE,19,0,5,10932,1401,623
313,9,2,SUPPORT,15,20,8,4313,10302,0
313,10,2,SUPPORT,20,18,4,4111,13049,1015
314,1,1,TANK,0,0,4,1830,0,6954
314,2,1,DAMAGE,1,0,7,2293,391,1547
314,3,1,DAMAGE,0,0,7,3079,0,2291
314,4,1,SUPPORT,0,0,6,719,4145,144
314,5,1,SUPPORT,0,0,4,976,2044,0
314,6,2,TANK,15,6,0,4814,0,3425
314,7,2,DAMAGE,11,1,1,5751,0,0
314,8,2,DAMAGE,11,1,0,3249,0,597
314,9,2,SUPPORT,7,8,0,1359,3198,0
314,10,2,SUPPORT,18,2,0,5266,2974,0
315,1,1,TANK,21,0,7,17503,0,19916
315,2,1,DAMAGE,12,6,10,8754,2148,4396
315,3,1,DAMAGE,26,2,10,21585,0,522
315,4,1,SUPPORT,13,16,9,7653,13828,0
315,5,1,SUPPORT,10,16,8,4460,12595,919
315,6,2,TANK,21,4,11,18136,1485,12802
315,7,2,DAMAGE,27,4,7,15627,891,0
315,8,2,DAMAGE,22,0,5,15336,0,2115
315,9,2,SUPPORT,5,13,6,3003,17439,419
315,10,2,SUPPORT,17,21,10,8013,14832,2787
316,1,1,TANK,22,4,4,8807,0,18795
316,2,1,DAMAGE,19,1,9,8971,0,0
316,3,1,DAMAGE,16,4,12,9065,439,0
316,4,1,SUPPORT,8,15,7,4883,8814,500
316,5,1,SUPPORT,14,24,5,7478,9561,0
316,6,2,TANK,19,3,6,10155,0,6343
316,7,2,DAMAGE,13,1,7,8748,478,0
316,8,2,DAMAGE,19,1,9,9269,107,851
316,9,2,SUPPORT,12,7,4,3952,14867,0
316,10,2,SUPPORT,11,11,7,3376,7930,817
317,1,1,TANK,23,5,11,14523,0,15025
317,2,1,DAMAGE,18,4,10,11272,0,0
317,3,1,DAMAGE,29,5,13,11682,9,759
317,4,1,SUPPORT,11,11,10,5603,14492,0
317,5,1,SUPPORT,12,24,9,8314,10792,2112
317,6,2,TANK,34,12,8,16642,0,14740
317,7,2,DAMAGE,27,5,8,15889,471,0
317,8,2,DAMAGE,29,4,8,10676,473,1991
317,9,2,SUPPORT,11,30,6,2844,16996,1774
317,10,2,SUPPORT,24,17,7,5977,9036,93
318,1,1,TANK,14,1,5,9646,996,3676
318,2,1,DAMAGE,7,0,9,5230,39,331
318,3,1,DAMAGE,8,2,7,6237,446,152
318,4,1,SUPPORT,7,9,2,2179,8730,1683
318,5,1,SUPPORT,7,9,7,2173,6165,1029
318,6,2,TANK,18,4,3,6538,0,4045
318,7,2,DAMAGE,18,5,4,7269,525,2585
318,8,2,DAMAGE,15,0,3,6964,0,1022
318,9,2,SUPPORT,10,18,4,1673,8394,0
318,10,2,SUPPORT,19,13,3,7711,7708,0
319,1,1,TANK,19,5,3,8971,0,12082
319,2,1,DAMAGE,17,2,8,8927,1261,123
319,3,1,DAMAGE,21,0,7,8250,0,1592
319,4,1,SUPPORT,11,10,9,4416,7611,1362
319,5,1,SUPPORT,13,13,8,7720,7186,0
319,6,2,TANK,15,3,8,11282,776,5960
319,7,2,DAMAGE,20,2,9,8493,1782,0
319,8,2,DAMAGE,18,4,6,6740,62,0
319,9,2,SUPPORT,17,13,6,3676,8174,47
319,10,2,SUPPORT,10,21,6,5151,9646,2288
320,1,1,TANK,34,9,12,11038,0,12134
320,2,1,DAMAGE,30,2,6,9248,924,2217
320,3,1,DAMAGE,30,3,12,13772,802,12145
320,4,1,SUPPORT,22,21,9,5657,8655,1123
320,5,1,SUPPORT,14,27,13,2681,12848,0
320,6,2,TANK,25,7,11,12716,0,5536
320,7,2,DAMAGE,26,5,13,11540,1314,0
320,8,2,DAMAGE,24,0,12,13918,811,0
320,9,2,SUPPORT,18,19,9,3767,8856,0
320,10,2,SUPPORT,20,16,9,10046,9189,1016
321,1,1,TANK,14,5,12,16483,3100,9372
321,2,1,DAMAGE,19,4,13,12755,0,0
321,3,1,DAMAGE,20,1,9,11060,0,2573
321,4,1,SUPPORT,14,10,7,4483,11557,2495
321,5,1,SUPPORT,9,14,10,4173,10854,659
321,6,2,TANK,32,12,6,14178,0,9607
321,7,2,DAMAGE,24,0,7,5933,0,0
321,8,2,DAMAGE,28,2,9,13759,0,688
321,9,2,SUPPORT,27,23,7,13034,12264,0
321,10,2,SUPPORT,11,25,8,3029,15420,156
322,1,1,TANK,15,2,5,10062,1193,11270
322,2,1,DAMAGE,11,4,11,7468,143,24
322,3,1,DAMAGE,17,4,9,7536,0,0
322,4,1,SUPPORT,9,6,12,3347,5022,974
322,5,1,SUPPORT,6,10,11,1321,8488,221
322,6,2,TANK,17,2,6,9162,0,13640
322,7,2,DAMAGE,33,2,6,14584,0,1374
322,8,2,DAMAGE,22,3,6,10960,0,0
322,9,2,SUPPORT,3,21,7,2578,9034,0
322,10,2,SUPPORT,13,19,3,3627,7147,180
323,1,1,TANK,15,3,7,9931,300,10091
323,2,1,DAMAGE,19,1,3,9342,0,0
323,3,1,DAMAGE,16,0,11,8666,1268,0
323,4,1,SUPPORT,13,19,6,4828,9819,2474
323,5,1,SUPPORT,15,13,6,4734,11521,0
323,6,2,TANK,21,9,6,9613,0,9460
323,7,2,DAMAGE,18,7,9,10855,176,2902
323,8,2,DAMAGE,19,1,7,11866,1273,0
323,9,2,SUPPORT,15,3,8,4196,8377,640
323,10,2,SUPPORT,10,13,5,3739,7618,0
324,1,1,TANK,22,4,7,16265,850,14560
324,2,1,DAMAGE,26,4,14,17997,0,0
324,3,1,DAMAGE,15,3,19,10770,765,0
324,4,1,SUPPORT,17,14,6,9291,11247,2884
324,5,1,SUPPORT,12,15,10,5695,13037,1326
324,6,2,TANK,31,5,9,16031,196,11596
324,7,2,DAMAGE,23,8,8,14937,337,196
324,8,2,DAMAGE,27,3,11,17039,333,2207
324,9,2,SUPPORT,16,28,6,7541,19754,1055
324,10,2,SUPPORT,14,24,7,6026,15636,1705
325,1,1,TANK,13,3,7,10990,1028,11496
325,2,1,DAMAGE,8,1,14,7617,1000,335
325,3,1,DAMAGE,10,3,8,9384,0,0
325,4,1,SUPPORT,7,9,8,4403,8610,734
325,5,1,SUPPORT,6,4,9,3249,7722,0
325,6,2,TANK,29,7,4,12338,0,6700
325,7,2,DAMAGE,20,2,5,11065,0,0
325,8,2,DAMAGE,14,0,7,7161,0,1260
325,9,2,SUPPORT,19,26,2,6315,10475,4428
325,10,2,SUPPORT,10,20,2,3459,10430,420
326,1,1,TANK,14,4,6,6111,276,3489
326,2,1,DAMAGE,12,0,2,5066,0,0
326,3,1,DAMAGE,12,0,9,8943,319,0
326,4,1,SUPPORT,9,9,6,3307,3694,0
326,5,1,SUPPORT,6,8,6,2756,5597,1104
326,6,2,TANK,17,0,1,5549,414,4133
326,7,2,DAMAGE,11,0,7,6819,0,0
326,8,2,DAMAGE,18,0,5,6856,901,0
326,9,2,SUPPORT,7,13,4,2038,6690,463
326,10,2,SUPPORT,7,12,5,1865,8026,0
327,1,1,TANK,16,4,10,8841,0,22326
327,2,1,DAMAGE,37,6,9,16385,127,0
327,3,1,DAMAGE,31,9,13,18885,0,8
327,4,1,SUPPORT,19,23,6,7710,16053,5226
327,5,1,SUPPORT,19,17,6,8571,15234,575
327,6,2,TANK,19,5,11,18435,766,9402
327,7,2,DAMAGE,27,2,17,16041,0,2158
327,8,2,DAMAGE,25,1,22,14378,395,275
327,9,2,SUPPORT,5,25,5,1692,18693,0
327,10,2,SUPPORT,12,14,9,5849,11223,538
328,1,1,TANK,10,4,12,8121,0,7017
328,2,1,DAMAGE,13,1,4,9097,0,0
328,3,1,DAMAGE,16,5,12,6918,346,187
328,4,1,SUPPORT,9,11,8,3751,6183,870
328,5,1,SUPPORT,11,8,8,3657,11393,0
328,6,2,TANK,35,15,3,13239,0,5821
328,7,2,DAMAGE,23,2,7,6986,0,154
328,8,2,DAMAGE,29,9,4,9428,1751,2726
328,9,2,SUPPORT,11,17,5,2627,10484,727
328,10,2,SUPPORT,21,17,4,4638,6279,556
329,1,1,TANK,13,5,5,10175,2423,5991
329,2,1,DAMAGE,13,1,10,6922,0,24
329,3,1,DAMAGE,8,2,10,4380,0,0
329,4,1,SUPPORT,7,3,2,2601,7814,0
329,5,1,SUPPORT,4,6,8,3585,6630,438
329,6,2,TANK,20,5,5,12222,1611,9455
329,7,2,DAMAGE,23,1,5,10646,0,0
329,8,2,DAMAGE,11,1,7,6527,0,1274
329,9,2,SUPPORT,11,11,2,2315,5969,198
329,10,2,SUPPORT,5,14,4,2718,6546,0
330,1,1,TANK,3,1,9,6984,0,9904
330,2,1,DAMAGE,2,0,5,4460,0,0
330,3,1,DAMAGE,3,0,8,5801,0,0
330,4,1,SUPPORT,2,3,7,1787,7432,1218
330,5,1,SUPPORT,0,3,8,1053,9895,881
330,6,2,TANK,25,9,2,12400,0,8023
330,7,2,DAMAGE,24,0,2,7381,0,1178
330,8,2,DAMAGE,24,7,0,10423,0,0
330,9,2,SUPPORT,11,20,1,2751,9478,507
330,10,2,SUPPORT,11,18,0,3231,5171,0
331,1,1,TANK,6,2,6,4777,0,8468
331,2,1,DAMAGE,8,0,5,6984,1687,0
331,3,1,DAMAGE,4,0,3,2856,0,574
331,4,1,SUPPORT,4,7,6,1943,8963,0
331,5,1,SUPPORT,6,2,5,1246,5988,237
331,6,2,TANK,10,4,2,5390,0,7834
331,7,2,DAMAGE,15,2,1,7398,0,29
331,8,2,DAMAGE,16,0,4,5362,29,294
331,9,2,SUPPORT,9,16,1,2585,6775,76
331,10,2,SUPPORT,18,11,1,6027,5420,0
332,1,1,TANK,13,0,11,10020,0,16678
332,2,1,DAMAGE,12,0,13,7309,309,0
332,3,1,DAMAGE,11,0,14,10571,99,1944
332,4,1,SUPPORT,7,8,12,3631,5663,1631
332,5,1,SUPPORT,8,6,12,3752,8422,535
332,6,2,TANK,40,8,4,14349,0,11425
332,7,2,DAMAGE,22,4,6,9873,331,0
332,8,2,DAMAGE,30,0,7,12102,664,99
332,9,2,SUPPORT,20,15,5,5181,7303,758
332,10,2,SUPPORT,21,16,6,4596,7795,118
333,1,1,TANK,19,4,7,13416,0,12891
333,2,1,DAMAGE,17,5,7,9946,0,66
333,3,1,DAMAGE,15,0,9,9044,0,1528
333,4,1,SUPPORT,15,7,6,6262,9478,0
333,5,1,SUPPORT,1,16,4,327,11754,1473
333,6,2,TANK,14,6,4,10815,0,10085
333,7,2,DAMAGE,18,1,7,11315,358,66
333,8,2,DAMAGE,17,0,9,9601,351,1048
333,9,2,SUPPORT,14,16,4,3213,10639,347
333,10,2,SUPPORT,14,13,5,4496,13115,0
334,1,1,TANK,18,2,7,9103,0,17794
334,2,1,DAMAGE,16,0,1,7270,0,1578
334,3,1,DAMAGE,12,0,6,6404,877,37
334,4,1,SUPPORT,5,15,4,2409,7695,1690
334,5,1,SUPPORT,11,15,4,4406,7059,221
334,6,2,TANK,8,2,5,8587,0,6373
334,7,2,DAMAGE,19,0,2,12238,1673,535
334,8,2,DAMAGE,9,0,8,7016,528,128
334,9,2,SUPPORT,6,9,8,2059,6138,1797
334,10,2,SUPPORT,4,12,4,2166,8733,149
335,1,1,TANK,1,0,9,3062,26,3764
335,2,1,DAMAGE,1,0,6,2443,237,0
335,3,1,DAMAGE,1,0,7,3244,386,0
335,4,1,SUPPORT,2,1,1,1622,4955,1529
335,5,1,SUPPORT,0,0,6,305,4384,0
335,6,2,TANK,23,2,0,10100,0,2854
335,7,2,DAMAGE,16,3,0,5609,164,1173
335,8,2,DAMAGE,17,0,1,5546,205,0
335,9,2,SUPPORT,9,10,1,1590,2739,0
335,10,2,SUPPORT,9,15,0,450,4803,425
336,1,1,TANK,13,5,5,7937,722,3226
336,2,1,DAMAGE,17,0,5,6331,0,0
336,3,1,DAMAGE,5,0,7,7764,32,217
336,4,1,SUPPORT,5,7,5,2677,7060,307
336,5,1,SUPPORT,2,6,8,589,5930,0
336,6,2,TANK,23,4,3,8784,0,9717
336,7,2,DAMAGE,13,4,5,6034,0,0
336,8,2,DAMAGE,17,2,3,6822,435,2285
336,9,2,SUPPORT,5,13,4,2147,8127,323
336,10,2,SUPPORT,17,5,5,5135,6146,0
337,1,1,TANK,0,0,5,1700,0,6504
337,2,1,DAMAGE,1,0,3,1949,0,0
337,3,1,DAMAGE,0,0,1,185,151,2210
337,4,1,SUPPORT,1,0,1,361,1269,0
337,5,1,SUPPORT,1,0,3,1196,3211,563
337,6,2,TANK,9,5,0,3617,384,517
337,7,2,DAMAGE,6,0,1,3210,0,0
337,8,2,DAMAGE,11,0,0,2403,0,0
337,9,2,SUPPORT,2,6,0,353,1016,0
337,10,2,SUPPORT,6,6,0,1161,1772,0
338,1,1,TANK,17,2,10,13557,1887,4935
338,2,1,DAMAGE,17,0,5,8916,0,0
338,3,1,DAMAGE,14,0,8,9119,70,0
338,4,1,SUPPORT,9,11,8,3266,9539,519
338,5,1,SUPPORT,9,15,7,2914,12103,1429
338,6,2,TANK,21,7,6,13971,40,6586
338,7,2,DAMAGE,23,3,10,10994,812,852
338,8,2,DAMAGE,24,6,8,8605,540,0
338,9,2,SUPPORT,16,24,5,4485,8304,415
338,10,2,SUPPORT,12,18,5,4855,9178,3806
339,1,1,TANK,2,1,4,4374,0,4301
339,2,1,DAMAGE,3,0,5,4276,0,0
339,3,1,DAMAGE,4,0,5,1661,798,2620
339,4,1,SUPPORT,2,2,4,1755,2076,1042
339,5,1,SUPPORT,1,0,5,1467,3646,443
339,6,2,TANK,12,1,2,4677,113,1609
339,7,2,DAMAGE,12,2,1,4731,0,0
339,8,2,DAMAGE,9,0,1,3336,0,712
339,9,2,SUPPORT,3,7,1,2055,2911,63
339,10,2,SUPPORT,8,5,1,2942,3772,614
340,1,1,TANK,10,2,12,5689,0,11042
340,2,1,DAMAGE,7,1,3,4842,369,2425
340,3,1,DAMAGE,5,3,6,6541,0,963
340,4,1,SUPPORT,4,6,8,2610,4173,159
340,5,1,SUPPORT,4,6,6,2597,8832,374
340,6,2,TANK,16,6,2,6692,0,13388
340,7,2,DAMAGE,20,2,4,7563,0,0
340,8,2,DAMAGE,19,2,5,9738,165,223
340,9,2,SUPPORT,17,19,2,4458,5745,0
340,10,2,SUPPORT,17,13,2,3742,7916,997
341,1,1,TANK,21,3,6,13434,0,5772
341,2,1,DAMAGE,15,2,5,5564,0,0
341,3,1,DAMAGE,14,0,6,5812,0,660
341,4,1,SUPPORT,8,15,6,1808,8728,682
341,5,1,SUPPORT,11,17,6,1914,8280,0
341,6,2,TANK,19,8,5,9357,0,4323
341,7,2,DAMAGE,14,0,7,7070,0,1674
341,8,2,DAMAGE,11,1,8,9095,792,35
341,9,2,SUPPORT,8,14,6,4200,8576,872
341,10,2,SUPPORT,5,15,4,1612,7319,0
342,1,1,TANK,17,8,6,9158,2239,4251
342,2,1,DAMAGE,11,2,7,7129,0,1
342,3,1,DAMAGE,12,2,10,9354,668,1374
342,4,1,SUPPORT,13,11,3,6177,6507,2916
342,5,1,SUPPORT,8,9,7,3501,5906,593
342,6,2,TANK,16,3,6,11453,1677,11274
342,7,2,DAMAGE,17,2,6,7398,0,0
342,8,2,DAMAGE,19,3,5,5335,0,1184
342,9,2,SUPPORT,11,19,5,3711,9079,39
342,10,2,SUPPORT,10,7,4,5158,7576,1478
343,1,1,TANK,17,5,9,8307,0,8589
343,2,1,DAMAGE,13,0,16,6550,0,0
343,3,1,DAMAGE,12,1,10,5408,0,197
343,4,1,SUPPORT,8,7,11,4741,5277,1479
343,5,1,SUPPORT,10,7,13,4184,6613,0
343,6,2,TANK,38,5,5,12100,0,6352
343,7,2,DAMAGE,23,7,4,6535,0,25
343,8,2,DAMAGE,30,0,7,6849,1515,0
343,9,2,SUPPORT,19,25,5,5075,6483,308
343,10,2,SUPPORT,16,31,4,3184,9317,0
344,1,1,TANK,16,4,6,10029,0,6557
344,2,1,DAMAGE,20,8,5,7341,387,0
344,3,1,DAMAGE,19,6,6,8979,0,0
344,4,1,SUPPORT,7,8,6,4676,7286,690
344,5,1,SUPPORT,14,15,10,4687,4943,1139
344,6,2,TANK,15,2,3,8259,0,18903
344,7,2,DAMAGE,20,0,7,10038,0,2385
344,8,2,DAMAGE,12,2,5,7384,0,1250
344,9,2,SUPPORT,9,11,7,2266,8651,362
344,10,2,SUPPORT,2,23,6,110,14366,0
345,1,1,TANK,3,0,6,5760,0,4838
345,2,1,DAMAGE,9,0,4,6357,0,277
345,3,1,DAMAGE,6,5,3,5265,0,0
345,4,1,SUPPORT,5,8,3,3430,6110,0
345,5,1,SUPPORT,5,3,5,2507,6537,724
345,6,2,TANK,17,5,3,8871,0,5631
345,7,2,DAMAGE,10,1,4,6078,0,574
345,8,2,DAMAGE,14,0,1,5882,0,675
345,9,2,SUPPORT,1,16,2,80,8021,0
345,10,2,SUPPORT,5,15,2,2202,7540,0
346,1,1,TANK,5,0,5,2331,0,1973
346,2,1,DAMAGE,5,0,5,5559,0,0
346,3,1,DAMAGE,7,1,4,4346,0,1984
346,4,1,SUPPORT,4,3,5,2762,3091,38
346,5,1,SUPPORT,1,6,5,1882,3148,210
346,6,2,TANK,15,4,1,4939,0,7028
346,7,2,DAMAGE,8,1,3,4180,0,55
346,8,2,DAMAGE,13,0,3,6673,0,1394
346,9,2,SUPPORT,3,11,1,197,6235,0
346,10,2,SUPPORT,3,9,2,1846,6167,48
347,1,1,TANK,16,3,10,6585,0,13622
347,2,1,DAMAGE,19,0,4,6844,0,822
347,3,1,DAMAGE,17,1,8,9195,202,20
347,4,1,SUPPORT,20,6,12,9559,4996,0
347,5,1,SUPPORT,13,12,7,6362,8499,817
347,6,2,TANK,24,12,4,10308,109,5416
347,7,2,DAMAGE,25,0,6,8117,0,651
347,8,2,DAMAGE,19,0,8,7460,0,535
347,9,2,SUPPORT,19,22,4,5572,14918,0
347,10,2,SUPPORT,12,11,10,4189,6226,284
348,1,1,TANK,25,5,7,11611,0,7151
348,2,1,DAMAGE,19,5,9,13114,0,289
348,3,1,DAMAGE,21,7,7,8695,1868,0
348,4,1,SUPPORT,4,14,9,3545,8492,1211
348,5,1,SUPPORT,16,7,4,5443,7352,0
348,6,2,TANK,23,4,6,12149,0,17361
348,7,2,DAMAGE,21,0,11,14522,0,1354
348,8,2,DAMAGE,23,7,7,15586,224,0
348,9,2,SUPPORT,16,18,8,5266,11698,668
348,10,2,SUPPORT,5,18,8,2813,10414,258
349,1,1,TANK,33,6,14,18508,579,8746
349,2,1,DAMAGE,43,8,20,16326,225,1025
349,3,1,DAMAGE,35,5,23,16372,100,804
349,4,1,SUPPORT,1,39,12,49,20239,0
349,5,1,,,,,,,
349,6,2,TANK,47,10,13,19552,141,9217
349,7,2,DAMAGE,47,6,16,18147,230,3625
349,8,2,DAMAGE,55,10,11,19458,0,315
349,9,2,SUPPORT,19,26,11,6875,8979,833
349,10,2,SUPPORT,10,41,10,1702,18852,1597
350,1,1,TANK,12,3,8,9088,0,9636
350,2,1,DAMAGE,15,0,2,6612,0,0
350,3,1,DAMAGE,11,1,14,9347,1723,0
350,4,1,SUPPORT,9,12,10,4444,11988,264
350,5,1,SUPPORT,8,9,9,3631,12015,671
350,6,2,TANK,30,9,7,11065,0,21270
350,7,2,DAMAGE,22,2,3,16682,0,42
350,8,2,DAMAGE,26,5,5,10773,802,5617
350,9,2,SUPPORT,18,19,5,5102,7642,209
350,10,2,SUPPORT,13,13,4,3504,10578,0
351,1,1,TANK,8,1,9,8229,124,4342
351,2,1,DAMAGE,8,1,10,6426,379,834
351,3,1,DAMAGE,7,1,8,6487,235,103
351,4,1,SUPPORT,4,9,4,2933,6116,0
351,5,1,SUPPORT,6,7,8,4782,4433,131
351,6,2,TANK,18,2,1,6828,4165,654
351,7,2,DAMAGE,26,0,4,8683,1,3882
351,8,2,DAMAGE,16,0,4,7320,0,366
351,9,2,SUPPORT,10,23,3,3455,7778,114
351,10,2,SUPPORT,15,15,4,2963,6248,382
352,1,1,TANK,15,3,8,9853,0,5061
352,2,1,DAMAGE,11,2,12,8099,0,38
352,3,1,DAMAGE,13,0,14,6364,0,0
352,4,1,SUPPORT,3,9,8,2001,10434,242
352,5,1,SUPPORT,10,13,6,4396,7982,536
352,6,2,TANK,23,6,7,9053,0,2749
352,7,2,DAMAGE,27,0,4,10980,0,1214
352,8,2,DAMAGE,24,11,6,8500,0,0
352,9,2,SUPPORT,22,25,5,8484,6286,0
352,10,2,SUPPORT,13,18,3,3800,8959,690
353,1,1,TANK,26,5,12,15030,0,9397
353,2,1,DAMAGE,18,0,9,8630,0,0
353,3,1,DAMAGE,17,0,17,9169,119,580
353,4,1,SUPPORT,0,27,10,300,14135,0
353,5,1,SUPPORT,4,16,10,2353,8049,0
353,6,2,TANK,32,13,5,13794,0,9015
353,7,2,DAMAGE,25,5,7,11243,661,0
353,8,2,DAMAGE,39,0,7,13495,0,2062
353,9,2,SUPPORT,10,25,7,3105,7639,572
353,10,2,SUPPORT,23,25,8,3555,10542,0
354,1,1,TANK,15,4,13,9604,0,16718
354,2,1,DAMAGE,23,0,20,12490,125,2753
354,3,1,DAMAGE,18,6,13,13925,0,966
354,4,1,SUPPORT,26,14,9,7153,11283,0
354,5,1,SUPPORT,10,17,11,4216,15088,60
354,6,2,TANK,41,9,7,17032,0,12974
354,7,2,DAMAGE,29,0,12,10943,0,1061
354,8,2,DAMAGE,43,7,7,19980,0,0
354,9,2,SUPPORT,21,21,5,4529,11559,600
354,10,2,SUPPORT,26,34,9,7020,13074,340
355,1,1,TANK,12,2,11,6410,0,5599
355,2,1,DAMAGE,16,0,7,7714,0,639
355,3,1,DAMAGE,12,2,12,8871,502,817
355,4,1,SUPPORT,11,11,9,3476,7155,101
355,5,1,SUPPORT,18,5,11,6919,5149,0
355,6,2,TANK,35,5,7,8710,0,19247
355,7,2,DAMAGE,27,3,6,10332,45,618
355,8,2,DAMAGE,36,3,6,13218,0,0
355,9,2,SUPPORT,12,20,4,5586,6354,694
355,10,2,SUPPORT,1,25,6,40,10750,0
356,1,1,TANK,9,0,6,8282,0,4494
356,2,1,DAMAGE,7,6,5,5465,0,0
356,3,1,DAMAGE,5,2,8,4658,924,208
356,4,1,SUPPORT,5,3,7,3423,4146,0
356,5,1,SUPPORT,1,5,7,1285,5917,1238
356,6,2,TANK,23,6,3,9385,0,7091
356,7,2,DAMAGE,17,0,3,5184,0,0
356,8,2,DAMAGE,17,2,3,7007,0,587
356,9,2,SUPPORT,11,18,3,2712,6423,717
356,10,2,SUPPORT,8,15,3,2233,7352,0
357,1,1,TANK,4,0,8,4641,0,15951
357,2,1,DAMAGE,6,2,6,6281,0,0
357,3,1,DAMAGE,5,0,8,5079,0,29
357,4,1,SUPPORT,7,3,8,3575,8040,0
357,5,1,SUPPORT,4,2,7,2660,7462,693
357,6,2,TANK,21,5,2,9703,95,7125
357,7,2,DAMAGE,19,1,3,9338,33,509
357,8,2,DAMAGE,19,1,5,7787,131,339
357,9,2,SUPPORT,12,17,2,4059,6014,334
357,10,2,SUPPORT,6,12,2,1701,5494,327
358,1,1,TANK,28,4,7,14094,1920,6020
358,2,1,DAMAGE,23,0,3,9040,0,0
358,3,1,DAMAGE,29,4,7,13679,78,550
358,4,1,SUPPORT,14,27,8,6308,7585,2223
358,5,1,,,,,,,
358,6,2,TANK,22,8,10,10973,1151,5617
358,7,2,DAMAGE,12,0,11,10756,655,605
358,8,2,DAMAGE,20,4,7,10114,290,16
358,9,2,SUPPORT,1,17,9,867,14641,0
358,10,2,SUPPORT,12,15,8,3921,11197,1632
359,1,1,TANK,29,7,5,11797,0,20956
359,2,1,DAMAGE,17,0,10,11038,120,0
359,3,1,DAMAGE,23,8,6,9215,55,0
359,4,1,SUPPORT,7,9,9,4058,7986,676
359,5,1,SUPPORT,19,19,8,7533,8688,0
359,6,2,TANK,21,3,8,12085,0,9107
359,7,2,DAMAGE,17,2,8,9282,0,2046
359,8,2,DAMAGE,18,0,12,9777,0,245
359,9,2,SUPPORT,8,17,11,2882,10701,907
359,10,2,SUPPORT,11,17,7,5462,9468,0
360,1,1,TANK,9,3,8,8079,5327,2554
360,2,1,DAMAGE,7,0,1,4062,0,0
360,3,1,DAMAGE,10,0,7,9625,541,315
360,4,1,SUPPORT,9,5,8,5460,4200,158
360,5,1,SUPPORT,11,11,2,5509,4670,0
360,6,2,TANK,10,1,4,6854,5455,1006
360,7,2,DAMAGE,12,1,4,5713,35,116
360,8,2,DAMAGE,21,3,3,11505,0,833
360,9,2,SUPPORT,6,11,3,2449,8242,688
360,10,2,SUPPORT,7,10,3,3541,8060,0
361,1,1,TANK,3,0,4,4165,0,5996
361,2,1,DAMAGE,6,0,6,3360,0,38
361,3,1,DAMAGE,1,0,6,4072,0,228
361,4,1,SUPPORT,2,2,4,1933,4679,100
361,5,1,SUPPORT,1,2,4,1708,3688,0
361,6,2,TANK,12,5,1,6273,0,3329
361,7,2,DAMAGE,15,0,0,6348,253,1907
361,8,2,DAMAGE,9,2,2,4002,746,645
361,9,2,SUPPORT,3,7,3,433,4625,218
361,10,2,SUPPORT,5,11,2,1087,3601,1552
362,1,1,TANK,9,2,7,7481,0,17243
362,2,1,DAMAGE,14,0,6,7300,0,0
362,3,1,DAMAGE,17,0,11,12181,0,534
362,4,1,SUPPORT,4,14,9,2698,8485,296
362,5,1,SUPPORT,12,6,8,5458,13286,593
362,6,2,TANK,24,4,5,14458,0,24156
362,7,2,DAMAGE,17,2,6,10525,48,2076
362,8,2,DAMAGE,19,6,5,10794,0,0
362,9,2,SUPPORT,7,23,3,3598,12814,0
362,10,2,SUPPORT,13,16,2,7086,9425,715
363,1,1,TANK,9,0,11,11023,2759,10173
363,2,1,DAMAGE,9,1,6,11416,0,818
363,3,1,DAMAGE,9,0,17,6906,71,2423
363,4,1,SUPPORT,7,6,6,5190,6378,845
363,5,1,SUPPORT,4,7,7,3095,6725,0
363,6,2,TANK,31,5,2,11434,220,9326
363,7,2,DAMAGE,22,2,5,8633,0,0
363,8,2,DAMAGE,29,14,3,8582,651,0
363,9,2,SUPPORT,18,16,8,6589,7649,0
363,10,2,SUPPORT,13,23,3,3394,14802,867
364,1,1,TANK,24,13,8,11928,1275,16724
364,2,1,DAMAGE,21,8,9,12543,2003,9897
364,3,1,DAMAGE,23,5,12,13261,0,365
364,4,1,SUPPORT,20,22,6,5458,15367,2232
364,5,1,SUPPORT,19,22,12,5961,10627,1522
364,6,2,TANK,21,6,10,8316,101,10460
364,7,2,DAMAGE,27,1,10,14968,170,3044
364,8,2,DAMAGE,27,4,8,18164,0,123
364,9,2,SUPPORT,13,19,5,5342,12410,1336
364,10,2,SUPPORT,19,29,6,7796,14320,8656
365,1,1,TANK,13,0,11,7151,1193,2932
365,2,1,DAMAGE,20,0,4,6811,0,0
365,3,1,DAMAGE,19,0,9,13323,0,0
365,4,1,SUPPORT,14,10,3,4109,5807,0
365,5,1,SUPPORT,13,15,5,4315,6625,419
365,6,2,TANK,12,1,5,7195,0,9035
365,7,2,DAMAGE,15,1,10,6577,322,516
365,8,2,DAMAGE,21,1,8,9758,1387,24
365,9,2,SUPPORT,15,15,4,4248,9742,0
365,10,2,SUPPORT,14,17,6,3848,8135,0
366,1,1,TANK,17,3,14,14814,0,8516
366,2,1,DAMAGE,21,0,8,10076,0,0
366,3,1,DAMAGE,16,0,15,8575,2843,0
366,4,1,SUPPORT,12,16,11,5467,6790,818
366,5,1,SUPPORT,13,18,15,4640,12930,0
366,6,2,TANK,48,14,8,17684,187,8368
366,7,2,DAMAGE,25,2,9,10045,108,1134
366,8,2,DAMAGE,30,1,7,11320,0,16
366,9,2,SUPPORT,33,33,5,6306,11528,0
366,10,2,SUPPORT,13,30,6,5748,8729,5
367,1,1,TANK,12,2,10,9788,0,10236
367,2,1,DAMAGE,16,1,10,8574,607,683
367,3,1,DAMAGE,21,0,11,10223,0,0
367,4,1,SUPPORT,12,11,7,4835,6811,432
367,5,1,SUPPORT,11,14,8,6207,8222,0
367,6,2,TANK,19,3,5,11505,382,12734
367,7,2,DAMAGE,15,0,11,6170,0,182
367,8,2,DAMAGE,29,1,8,14130,0,497
367,9,2,SUPPORT,13,20,4,2321,13838,0
367,10,2,SUPPORT,13,11,4,3697,9005,606
368,1,1,TANK,11,5,12,8979,68,4764
368,2,1,DAMAGE,17,0,9,6729,0,0
368,3,1,DAMAGE,12,4,11,8133,837,965
368,4,1,SUPPORT,7,14,12,2651,8667,1319
368,5,1,SUPPORT,9,10,12,3462,6101,3413
368,6,2,TANK,25,7,4,8874,205,5058
368,7,2,DAMAGE,34,0,5,9885,88,971
368,8,2,DAMAGE,31,3,5,11181,0,0
368,9,2,SUPPORT,16,20,6,5028,5164,862
368,10,2,SUPPORT,26,14,4,5901,8551,0
369,1,1,TANK,25,4,9,14809,5,22460
369,2,1,DAMAGE,29,0,7,10531,0,0
369,3,1,DAMAGE,23,5,19,10909,0,1176
369,4,1,SUPPORT,9,14,13,4605,9005,1213
369,5,1,SUPPORT,9,19,13,4648,9747,2563
369,6,2,TANK,45,7,6,15725,675,7779
369,7,2,DAMAGE,29,2,13,10631,0,74
369,8,2,DAMAGE,13,1,13,9550,31,306
369,9,2,SUPPORT,16,12,7,7345,6594,0
369,10,2,SUPPORT,29,28,8,6441,12540,0
370,1,1,TANK,14,8,8,9354,0,7573
370,2,1,DAMAGE,18,1,8,9087,0,99
370,3,1,DAMAGE,15,0,8,6495,98,744
370,4,1,SUPPORT,7,14,6,2020,10181,0
370,5,1,SUPPORT,10,9,6,4008,5123,452
370,6,2,TANK,22,4,5,8901,0,9877
370,7,2,DAMAGE,20,0,7,8643,333,1130
370,8,2,DAMAGE,18,9,8,7243,75,0
370,9,2,SUPPORT,12,9,4,3763,7659,578
370,10,2,SUPPORT,13,22,5,2825,7793,516
371,1,1,TANK,20,3,8,12078,790,23487
371,2,1,DAMAGE,18,1,15,10519,477,936
371,3,1,DAMAGE,23,4,11,15275,0,0
371,4,1,SUPPORT,10,14,10,6511,12479,679
371,5,1,SUPPORT,16,17,10,6717,10892,674
371,6,2,TANK,25,5,10,13289,0,19034
371,7,2,DAMAGE,29,1,8,10942,521,3266
371,8,2,DAMAGE,32,0,7,16450,0,0
371,9,2,SUPPORT,13,21,6,3929,20126,1072
371,10,2,SUPPORT,25,25,8,8644,8465,0
372,1,1,TANK,29,7,11,18038,51,15271
372,2,1,DAMAGE,36,0,9,11028,0,0
372,3,1,DAMAGE,26,1,18,10487,1846,1061
372,4,1,SUPPORT,33,31,10,9068,12114,141
372,5,1,SUPPORT,24,13,7,5685,9422,0
372,6,2,TANK,33,4,10,13499,769,19683
372,7,2,DAMAGE,34,0,14,14051,663,315
372,8,2,DAMAGE,23,0,10,13244,0,917
372,9,2,SUPPORT,9,16,8,3920,14214,920
372,10,2,SUPPORT,21,18,11,7407,11871,7264
373,1,1,TANK,14,2,6,8502,6,12247
373,2,1,DAMAGE,18,1,8,9454,53,404
373,3,1,DAMAGE,20,0,6,13378,0,0
373,4,1,SUPPORT,5,12,5,4193,9255,285
373,5,1,SUPPORT,17,10,12,6971,10230,0
373,6,2,TANK,22,11,4,11267,0,13400
373,7,2,DAMAGE,24,0,8,10613,121,2153
373,8,2,DAMAGE,20,8,7,6220,1898,0
373,9,2,SUPPORT,11,23,7,5568,11032,0
373,10,2,SUPPORT,8,17,4,5175,12496,674
374,1,1,TANK,8,0,5,6747,0,12518
374,2,1,DAMAGE,8,0,13,5376,0,75
374,3,1,DAMAGE,10,0,7,9451,0,1811
374,4,1,SUPPORT,4,8,4,2253,10026,0
374,5,1,SUPPORT,11,7,7,6015,5801,0
374,6,2,TANK,22,4,2,10321,901,4127
374,7,2,DAMAGE,20,6,3,8696,533,0
374,8,2,DAMAGE,16,3,6,9715,0,0
374,9,2,SUPPORT,8,18,4,1760,6702,0
374,10,2,SUPPORT,9,11,3,3582,8523,317
375,1,1,TANK,22,8,15,12605,4047,9109
375,2,1,DAMAGE,25,0,11,9776,0,0
375,3,1,DAMAGE,34,0,9,14984,253,3734
375,4,1,SUPPORT,4,15,16,939,9893,664
375,5,1,SUPPORT,14,18,9,7872,12944,469
375,6,2,TANK,33,10,8,17456,1288,11656
375,7,2,DAMAGE,34,1,8,16134,2750,0
375,8,2,DAMAGE,24,1,10,10643,0,616
375,9,2,SUPPORT,31,28,11,9227,7464,844
375,10,2,SUPPORT,14,19,10,4185,10872,0
376,1,1,TANK,24,3,20,14935,0,14174
376,2,1,DAMAGE,19,0,5,9006,0,0
376,3,1,DAMAGE,26,0,10,12320,192,734
376,4,1,SUPPORT,17,16,11,5799,12535,0
376,5,1,SUPPORT,12,14,8,4777,10190,1210
376,6,2,TANK,25,6,9,12024,549,14609
376,7,2,DAMAGE,28,2,11,9202,758,3775
376,8,2,DAMAGE,27,9,11,14612,0,1349
376,9,2,SUPPORT,27,14,7,10800,8813,176
376,10,2,SUPPORT,20,23,7,4902,12711,927
377,1,1,TANK,12,4,11,5479,555,3235
377,2,1,DAMAGE,11,0,4,7648,0,0
377,3,1,DAMAGE,17,0,7,8687,0,96
377,4,1,SUPPORT,6,10,8,2343,4600,552
377,5,1,SUPPORT,9,7,7,2464,4659,0
377,6,2,TANK,18,3,6,4856,791,2894
377,7,2,DAMAGE,20,4,7,9647,0,217
377,8,2,DAMAGE,25,8,4,9728,86,1476
377,9,2,SUPPORT,8,11,5,836,7495,380
377,10,2,SUPPORT,10,17,2,2659,7026,232
378,1,1,TANK,25,6,7,10870,0,14506
378,2,1,DAMAGE,22,0,7,8972,0,0
378,3,1,DAMAGE,13,4,15,9701,943,116
378,4,1,SUPPORT,11,14,11,5054,8145,1867
378,5,1,SUPPORT,16,13,7,6951,7995,813
378,6,2,TANK,26,1,8,12991,936,5782
378,7,2,DAMAGE,19,2,6,9458,1175,0
378,8,2,DAMAGE,19,1,9,7520,833,51
378,9,2,SUPPORT,13,18,7,4787,10016,1178
378,10,2,SUPPORT,11,20,6,6042,850,677
379,1,1,DAMAGE,18,0,6,6682,0,0
379,2,1,DAMAGE,17,0,9,7939,75,225
379,3,1,SUPPORT,12,8,7,3453,5710,0
379,4,1,SUPPORT,10,8,7,4005,3092,1339
379,5,1,,,,,,,
379,6,2,TANK,9,0,5,5132,1881,8377
379,7,2,DAMAGE,14,1,8,6213,0,137
379,8,2,DAMAGE,19,2,5,9146,0,2490
379,9,2,SUPPORT,13,13,5,2596,6069,1199
379,10,2,SUPPORT,11,15,6,2967,7338,811
380,1,1,TANK,9,2,9,7360,219,7558
380,2,1,DAMAGE,15,0,6,5031,0,0
380,3,1,DAMAGE,12,0,12,8228,199,22
380,4,1,SUPPORT,4,9,13,2930,5943,93
380,5,1,SUPPORT,7,6,7,3760,5647,0
380,6,2,TANK,26,3,3,9102,429,13216
380,7,2,DAMAGE,29,2,5,14358,0,162
380,8,2,DAMAGE,22,3,5,8164,1012,331
380,9,2,SUPPORT,7,18,5,1357,6417,0
380,10,2,SUPPORT,10,19,4,1858,7839,156
381,1,1,TANK,9,2,3,7364,0,3543
381,2,1,DAMAGE,6,0,3,4480,0,0
381,3,1,DAMAGE,6,1,6,4635,210,75
381,4,1,SUPPORT,6,6,5,1624,4313,618
381,5,1,SUPPORT,6,5,5,3292,6302,0
381,6,2,TANK,9,2,2,8967,47,6831
381,7,2,DAMAGE,17,0,4,6238,120,481
381,8,2,DAMAGE,12,0,6,4571,0,0
381,9,2,SUPPORT,5,10,2,1361,5888,435
381,10,2,SUPPORT,2,7,2,873,4370,0
382,1,1,TANK,6,3,6,7823,0,3234
382,2,1,DAMAGE,5,0,3,4662,0,0
382,3,1,DAMAGE,6,0,8,7492,726,0
382,4,1,SUPPORT,0,5,6,3299,6997,0
382,5,1,SUPPORT,5,3,4,4355,3332,352
382,6,2,TANK,16,8,3,7891,513,5898
382,7,2,DAMAGE,11,2,2,6730,0,0
382,8,2,DAMAGE,20,3,3,7533,0,137
382,9,2,SUPPORT,0,6,3,1025,8234,233
382,10,2,SUPPORT,1,10,2,750,8156,0
383,1,1,TANK,18,4,7,12866,0,8773
383,2,1,DAMAGE,12,0,8,5660,0,0
383,3,1,DAMAGE,8,2,11,4243,843,1216
383,4,1,SUPPORT,8,10,6,2466,9268,1638
383,5,1,SUPPORT,11,7,8,4477,5709,0
383,6,2,TANK,19,1,5,8100,0,12680
383,7,2,DAMAGE,26,0,5,7897,0,0
383,8,2,DAMAGE,12,0,7,6408,822,81
383,9,2,SUPPORT,19,15,5,7218,4881,0
383,10,2,SUPPORT,22,25,3,4815,10519,0
384,1,1,TANK,25,7,13,9471,0,15113
384,2,1,DAMAGE,31,0,5,9139,0,0
384,3,1,DAMAGE,22,5,13,7800,24,0
384,4,1,SUPPORT,10,18,11,4273,8705,1034
384,5,1,SUPPORT,17,17,9,7407,6731,79
384,6,2,TANK,25,10,4,10399,1553,4083
384,7,2,DAMAGE,38,3,8,15937,525,77
384,8,2,DAMAGE,21,1,13,11429,1654,307
384,9,2,SUPPORT,22,22,6,5669,8967,0
384,10,2,SUPPORT,16,16,10,3650,5512,492
385,1,1,TANK,5,0,7,4212,2754,852
385,2,1,DAMAGE,8,0,3,4559,0,0
385,3,1,DAMAGE,2,0,7,3386,158,154
385,4,1,SUPPORT,3,2,1,4763,2939,336
385,5,1,SUPPORT,2,1,6,3840,2726,26
385,6,2,TANK,9,1,1,6128,0,3220
385,7,2,DAMAGE,12,2,2,4352,72,420
385,8,2,DAMAGE,13,0,3,6047,0,0
385,9,2,SUPPORT,11,4,1,4180,5255,381
385,10,2,SUPPORT,5,10,3,827,6026,840
386,1,1,TANK,19,6,10,12669,1890,6627
386,2,1,DAMAGE,20,1,10,10192,487,220
386,3,1,DAMAGE,19,3,8,8961,0,156
386,4,1,SUPPORT,10,18,1,3496,7004,747
386,5,1,SUPPORT,6,17,5,2694,7514,0
386,6,2,TANK,15,5,10,10032,143,9183
386,7,2,DAMAGE,21,0,7,7987,618,0
386,8,2,DAMAGE,23,2,6,8738,350,285
386,9,2,SUPPORT,9,14,6,3157,8733,731
386,10,2,SUPPORT,13,15,5,5185,8270,0
387,1,1,TANK,22,9,5,7743,1209,18180
387,2,1,DAMAGE,15,2,8,7185,23,1231
387,3,1,DAMAGE,17,5,5,7169,460,0
387,4,1,SUPPORT,10,10,10,3529,6414,2271
387,5,1,SUPPORT,11,15,6,4601,8800,1401
387,6,2,TANK,24,5,6,11095,329,9263
387,7,2,DAMAGE,20,3,7,9113,188,876
387,8,2,DAMAGE,22,0,4,9609,0,0
387,9,2,SUPPORT,5,13,7,3046,7442,738
387,10,2,SUPPORT,7,19,3,2108,9486,0
388,1,1,TANK,3,0,7,5623,0,3927
388,2,1,DAMAGE,4,0,2,3071,0,0
388,3,1,DAMAGE,3,0,5,4678,0,0
388,4,1,SUPPORT,1,2,3,2471,3404,0
388,5,1,SUPPORT,2,3,5,1592,2425,546
388,6,2,TANK,10,2,0,3197,0,11929
388,7,2,DAMAGE,12,0,0,4240,0,0
388,8,2,DAMAGE,15,3,3,7042,0,563
388,9,2,SUPPORT,3,13,1,1026,9144,1191
388,10,2,SUPPORT,10,10,1,2544,4081,0
389,1,1,TANK,11,4,4,5837,153,2138
389,2,1,DAMAGE,10,0,6,2817,0,54
389,3,1,DAMAGE,7,2,7,2952,50,6
389,4,1,SUPPORT,6,10,4,2431,3190,0
389,5,1,SUPPORT,9,5,1,2901,2227,375
389,6,2,TANK,12,0,4,4023,0,3839
389,7,2,DAMAGE,12,0,3,4757,0,634
389,8,2,DAMAGE,10,0,4,3223,0,43
389,9,2,SUPPORT,6,13,2,621,4218,959
389,10,2,SUPPORT,8,9,3,2101,3976,400
390,1,1,TANK,2,0,2,4960,0,10244
390,2,1,DAMAGE,4,0,6,4079,0,1280
390,3,1,DAMAGE,0,0,6,5362,901,0
390,4,1,SUPPORT,0,1,6,558,3511,198
390,5,1,SUPPORT,3,3,4,2580,3808,0
390,6,2,TANK,14,5,0,5170,0,3393
390,7,2,DAMAGE,9,0,1,4398,0,73
390,8,2,DAMAGE,10,0,2,4313,0,720
390,9,2,SUPPORT,9,10,1,3261,6304,639
390,10,2,SUPPORT,2,9,1,1740,5162,2178
391,1,1,TANK,10,1,14,13862,0,20302
391,2,1,DAMAGE,11,0,4,7642,0,0
391,3,1,DAMAGE,12,1,15,7966,389,733
391,4,1,SUPPORT,5,9,10,4340,13961,298
391,5,1,SUPPORT,12,9,10,6920,9367,893
391,6,2,TANK,37,6,5,17016,0,12066
391,7,2,DAMAGE,26,0,6,12249,0,0
391,8,2,DAMAGE,30,2,2,14451,0,762
391,9,2,SUPPORT,17,32,4,5022,11482,0
391,10,2,SUPPORT,9,21,6,2526,12213,956
392,1,1,TANK,2,0,3,3272,0,2470
392,2,1,DAMAGE,1,0,6,1704,0,0
392,3,1,DAMAGE,1,1,5,2734,0,0
392,4,1,SUPPORT,1,1,3,1067,2274,0
392,5,1,SUPPORT,1,1,5,1673,2911,249
392,6,2,TANK,12,3,1,4451,0,2224
392,7,2,DAMAGE,6,0,1,2350,0,0
392,8,2,DAMAGE,11,4,1,3337,29,624
392,9,2,SUPPORT,11,7,0,2896,3564,450
392,10,2,SUPPORT,4,3,1,1160,2579,0
393,1,1,TANK,17,6,7,7928,0,11534
393,2,1,DAMAGE,19,0,5,8575,0,353
393,3,1,DAMAGE,16,2,8,5376,0,1089
393,4,1,SUPPORT,3,19,6,2372,7003,0
393,5,1,SUPPORT,3,9,5,1316,7051,1026
393,6,2,TANK,18,5,3,9476,457,5238
393,7,2,DAMAGE,17,2,5,6731,0,100
393,8,2,DAMAGE,9,0,8,7569,0,0
393,9,2,SUPPORT,10,16,5,3819,6325,2530
393,10,2,SUPPORT,8,11,4,2821,6057,936
394,1,1,TANK,13,3,13,9768,627,4294
394,2,1,DAMAGE,20,0,4,11403,0,0
394,3,1,DAMAGE,15,2,13,9979,0,0
394,4,1,SUPPORT,13,19,8,6612,7509,762
394,5,1,SUPPORT,12,13,6,4744,5982,507
394,6,2,TANK,25,5,6,9982,5216,3478
394,7,2,DAMAGE,23,0,5,10572,663,124
394,8,2,DAMAGE,24,7,8,9714,0,0
394,9,2,SUPPORT,7,19,5,2537,8193,0
394,10,2,SUPPORT,14,14,10,4905,9411,1875
395,1,1,TANK,18,11,12,13128,0,9911
395,2,1,DAMAGE,15,0,11,9297,0,651
395,3,1,DAMAGE,13,0,10,11734,866,764
395,4,1,SUPPORT,8,17,9,6533,12525,790
395,5,1,SUPPORT,12,9,12,4839,9342,418
395,6,2,TANK,36,3,5,14899,0,9642
395,7,2,DAMAGE,32,10,6,11299,313,2850
395,8,2,DAMAGE,42,1,6,16895,3339,0
395,9,2,SUPPORT,15,19,4,3926,12199,646
395,10,2,SUPPORT,13,27,7,2281,13987,0
396,1,1,TANK,9,3,7,8093,0,17114
396,2,1,DAMAGE,6,0,10,5177,483,1077
396,3,1,DAMAGE,4,1,9,7323,1826,0
396,4,1,SUPPORT,8,4,8,5388,6130,0
396,5,1,SUPPORT,4,6,8,1065,8626,746
396,6,2,TANK,23,2,1,11658,0,16041
396,7,2,DAMAGE,28,0,5,9115,0,0
396,8,2,DAMAGE,22,0,1,9055,1638,0
396,9,2,SUPPORT,16,21,4,6034,5859,0
396,10,2,SUPPORT,6,26,3,1550,10138,353
397,1,1,TANK,14,0,8,8442,0,6924
397,2,1,DAMAGE,15,0,2,6674,0,0
397,3,1,DAMAGE,15,1,9,6635,0,304
397,4,1,SUPPORT,11,7,7,6573,8088,436
397,5,1,SUPPORT,10,10,5,2894,6897,725
397,6,2,TANK,19,4,5,10380,2777,1959
397,7,2,DAMAGE,17,0,7,6554,0,0
397,8,2,DAMAGE,14,5,9,6256,0,2035
397,9,2,SUPPORT,8,6,5,4579,4391,1244
397,10,2,SUPPORT,8,7,3,3397,5762,0
398,1,1,TANK,11,6,6,6017,446,9361
398,2,1,DAMAGE,12,0,7,7702,0,0
398,3,1,DAMAGE,12,0,11,7849,945,100
398,4,1,SUPPORT,11,10,5,4632,8064,0
398,5,1,SUPPORT,11,9,7,4479,7770,389
398,6,2,TANK,19,2,4,7972,456,12598
398,7,2,DAMAGE,13,0,6,7579,0,0
398,8,2,DAMAGE,18,0,5,8822,563,2142
398,9,2,SUPPORT,13,12,3,5892,9674,788
398,10,2,SUPPORT,13,11,5,5046,6834,911
399,1,1,TANK,14,4,10,16964,5592,4480
399,2,1,DAMAGE,14,0,13,7985,20,1121
399,3,1,DAMAGE,14,0,12,7563,0,0
399,4,1,SUPPORT,12,13,11,6107,8112,0
399,5,1,SUPPORT,10,10,8,4408,10874,1453
399,6,2,TANK,33,7,6,16604,600,13913
399,7,2,DAMAGE,25,1,5,12934,0,0
399,8,2,DAMAGE,32,0,6,11940,0,0
399,9,2,SUPPORT,17,20,6,3869,10042,0
399,10,2,SUPPORT,12,28,3,3819,13548,0
400,1,1,TANK,11,1,4,11189,0,26690
400,2,1,DAMAGE,17,2,7,12621,0,0
400,3,1,DAMAGE,15,0,6,7688,20,1741
400,4,1,SUPPORT,7,10,6,2937,9983,1478
400,5,1,SUPPORT,2,8,8,1299,9612,279
400,6,2,TANK,17,2,5,11569,0,14047
400,7,2,DAMAGE,19,0,4,11299,0,0
400,8,2,DAMAGE,17,2,6,10642,0,0
400,9,2,SUPPORT,7,16,5,1836,13913,605
400,10,2,SUPPORT,14,21,3,5590,8795,0
401,1,1,TANK,19,4,10,12548,2347,10663
401,2,1,DAMAGE,15,0,3,6528,0,0
401,3,1,DAMAGE,15,0,9,10506,0,0
401,4,1,SUPPORT,12,16,10,5700,8851,3328
401,5,1,SUPPORT,5,9,10,3163,6599,0
401,6,2,TANK,28,12,3,9394,0,14228
401,7,2,DAMAGE,28,2,6,14240,148,498
401,8,2,DAMAGE,21,0,8,10311,982,1683
401,9,2,SUPPORT,8,22,7,1765,11726,0
401,10,2,SUPPORT,11,14,7,4028,10422,815
402,1,1,TANK,6,2,6,4952,1066,3711
402,2,1,DAMAGE,9,2,5,7343,0,0
402,3,1,DAMAGE,7,1,8,5134,187,1372
402,4,1,SUPPORT,6,5,4,2411,6374,0
402,5,1,SUPPORT,5,2,8,2025,4612,0
402,6,2,TANK,22,11,3,9324,1359,2524
402,7,2,DAMAGE,21,0,4,6350,265,638
402,8,2,DAMAGE,13,0,3,6637,0,0
402,9,2,SUPPORT,7,18,1,3498,5015,0
402,10,2,SUPPORT,10,13,0,1938,8492,0
403,1,1,TANK,16,3,9,13561,929,30410
403,2,1,DAMAGE,18,1,8,17968,1141,0
403,3,1,DAMAGE,21,0,15,11758,438,1123
403,4,1,SUPPORT,13,11,5,5894,17305,1936
403,5,1,SUPPORT,10,16,9,5561,13704,613
403,6,2,TANK,23,9,3,15585,1186,23202
403,7,2,DAMAGE,21,1,12,11262,0,87
403,8,2,DAMAGE,25,2,7,18744,3821,0
403,9,2,SUPPORT,22,18,8,11464,10180,0
403,10,2,SUPPORT,16,23,5,4248,17848,1864
404,1,1,TANK,9,1,7,10401,0,9688
404,2,1,DAMAGE,8,0,8,8421,1326,100
404,3,1,DAMAGE,13,0,9,8456,0,147
404,4,1,SUPPORT,9,9,7,3266,6971,0
404,5,1,SUPPORT,9,7,8,2933,10710,0
404,6,2,TANK,21,5,4,8416,747,4845
404,7,2,DAMAGE,20,0,4,7080,56,1506
404,8,2,DAMAGE,28,4,5,13368,1351,0
404,9,2,SUPPORT,7,22,3,3018,9949,0
404,10,2,SUPPORT,12,8,6,5485,7020,28
405,1,1,TANK,19,1,9,10806,0,17477
405,2,1,DAMAGE,15,0,6,8422,0,0
405,3,1,DAMAGE,20,0,8,8486,503,2108
405,4,1,SUPPORT,8,20,7,3126,9784,5189
405,5,1,SUPPORT,13,12,8,4159,8336,0
405,6,2,TANK,19,7,5,12758,0,6338
405,7,2,DAMAGE,19,0,8,8955,0,0
405,8,2,DAMAGE,25,6,7,9496,8,212
405,9,2,SUPPORT,14,21,6,3609,9178,2705
405,10,2,SUPPORT,7,18,5,3603,10933,817
406,1,1,TANK,31,5,13,19212,0,20724
406,2,1,DAMAGE,20,2,10,12336,74,316
406,3,1,SUPPORT,15,25,9,6156,16692,0
406,4,1,SUPPORT,9,19,11,5492,11509,2070
406,5,1,,,,,,,
406,6,2,TANK,30,7,6,14404,3969,8742
406,7,2,DAMAGE,24,2,11,16331,0,112
406,8,2,DAMAGE,31,4,10,14841,0,1533
406,9,2,SUPPORT,23,15,12,7997,10786,1997
406,10,2,SUPPORT,17,24,7,5376,13859,491
407,1,1,TANK,11,1,11,6272,0,7193
407,2,1,DAMAGE,18,0,5,10050,0,0
407,3,1,DAMAGE,17,0,13,9547,0,1568
407,4,1,SUPPORT,12,8,12,6520,6810,198
407,5,1,SUPPORT,5,12,13,2865,7487,2071
407,6,2,TANK,27,4,2,9735,100,3096
407,7,2,DAMAGE,38,6,6,13745,0,6
407,8,2,DAMAGE,29,2,8,9484,0,2138
407,9,2,SUPPORT,13,11,6,3307,6964,0
407,10,2,SUPPORT,19,25,7,5316,7244,1525
408,1,1,TANK,21,9,11,16510,212,20216
408,2,1,DAMAGE,28,3,9,15434,75,222
408,3,1,DAMAGE,25,0,12,14477,0,553
408,4,1,SUPPORT,10,20,6,5248,15895,212
408,5,1,SUPPORT,15,16,9,4046,14565,466
408,6,2,TANK,32,10,9,14607,306,9299
408,7,2,DAMAGE,21,0,9,13969,68,138
408,8,2,DAMAGE,25,0,8,14028,0,0
408,9,2,SUPPORT,13,11,8,8217,12149,1930
408,10,2,SUPPORT,10,21,11,5136,16535,0
409,1,1,TANK,17,5,11,10074,230,8284
409,2,1,DAMAGE,19,1,12,10890,294,1886
409,3,1,DAMAGE,16,0,14,8450,0,0
409,4,1,SUPPORT,13,14,5,6151,8821,1024
409,5,1,SUPPORT,0,18,11,875,10484,0
409,6,2,TANK,35,7,3,16934,45,6892
409,7,2,DAMAGE,33,2,9,10644,827,1708
409,8,2,DAMAGE,29,6,9,9705,0,0
409,9,2,SUPPORT,13,22,4,4240,11042,584
409,10,2,SUPPORT,8,19,7,2620,8302,4801
410,1,1,TANK,5,1,8,6770,0,10817
410,2,1,DAMAGE,5,0,8,4628,248,27
410,3,1,DAMAGE,5,0,5,6317,179,826
410,4,1,SUPPORT,2,3,7,2605,4494,0
410,5,1,SUPPORT,1,2,5,2037,5849,736
410,6,2,TANK,21,3,0,8842,527,5000
410,7,2,DAMAGE,26,0,2,6221,138,1056
410,8,2,DAMAGE,9,2,3,6067,0,0
410,9,2,SUPPORT,19,18,2,4287,6960,2570
410,10,2,SUPPORT,6,21,2,1447,7327,291
411,1,1,TANK,19,4,8,14625,0,9396
411,2,1,DAMAGE,13,1,2,6861,0,0
411,3,1,DAMAGE,13,0,11,12993,57,116
411,4,1,SUPPORT,8,14,6,4773,9734,2000
411,5,1,SUPPORT,6,16,7,4117,10038,0
411,6,2,TANK,14,0,7,7205,1713,9839
411,7,2,DAMAGE,20,5,2,12047,624,0
411,8,2,DAMAGE,19,5,5,12482,0,0
411,9,2,SUPPORT,8,19,7,3219,13243,3363
411,10,2,SUPPORT,10,16,4,6281,11469,0
412,1,1,TANK,38,8,17,19545,1584,26680
412,2,1,DAMAGE,38,1,18,20876,66,2589
412,3,1,DAMAGE,29,7,19,12523,325,960
412,4,1,SUPPORT,21,25,14,10215,14573,715
412,5,1,SUPPORT,17,27,17,7809,18963,872
412,6,2,TANK,50,7,9,25636,1067,21051
412,7,2,DAMAGE,37,4,22,17084,977,832
412,8,2,DAMAGE,51,2,13,20581,135,2592
412,9,2,SUPPORT,17,38,16,7032,15248,442
412,10,2,SUPPORT,30,48,11,9372,15843,1157
413,1,1,TANK,8,4,6,5705,382,3700
413,2,1,DAMAGE,4,1,6,4233,15,70
413,3,1,DAMAGE,6,0,3,3902,329,632
413,4,1,SUPPORT,6,5,8,2640,4724,236
413,5,1,SUPPORT,3,4,5,3327,8445,1343
413,6,2,TANK,14,4,2,10117,0,5855
413,7,2,DAMAGE,23,0,4,7349,0,0
413,8,2,DAMAGE,16,0,1,8251,0,0
413,9,2,SUPPORT,5,11,2,2004,6717,80
413,10,2,SUPPORT,10,14,4,2656,5348,1434
414,1,1,TANK,18,0,14,10773,339,17135
414,2,1,DAMAGE,30,1,14,11589,60,138
414,3,1,DAMAGE,26,6,13,12084,1949,3945
414,4,1,SUPPORT,22,18,11,7029,9456,432
414,5,1,SUPPORT,17,15,13,3953,8345,4932
414,6,2,TANK,37,7,7,12786,72,7185
414,7,2,DAMAGE,33,3,11,12940,1513,53
414,8,2,DAMAGE,27,8,15,10426,1266,0
414,9,2,SUPPORT,30,23,9,9274,8281,0
414,10,2,SUPPORT,19,38,10,7277,8816,5107
415,1,1,TANK,13,0,7,10022,355,13685
415,2,1,DAMAGE,18,0,9,11571,549,2932
415,3,1,DAMAGE,7,1,13,7989,245,0
415,4,1,SUPPORT,0,13,10,0,10876,0
415,5,1,SUPPORT,12,15,8,5584,6803,378
415,6,2,TANK,21,3,5,9039,0,6433
415,7,2,DAMAGE,22,0,3,8552,856,0
415,8,2,DAMAGE,29,1,6,13980,159,363
415,9,2,SUPPORT,12,11,5,2915,8959,0
415,10,2,SUPPORT,14,18,6,3323,10128,617
416,1,1,TANK,12,0,3,10450,0,20004
416,2,1,DAMAGE,10,0,7,6123,0,92
416,3,1,DAMAGE,15,0,9,7407,776,105
416,4,1,SUPPORT,11,9,6,3893,8464,711
416,5,1,SUPPORT,12,13,8,5235,10127,1216
416,6,2,TANK,19,2,5,13373,1013,6257
416,7,2,DAMAGE,26,1,9,12035,175,1276
416,8,2,DAMAGE,17,1,5,10099,0,0
416,9,2,SUPPORT,7,21,4,2260,9195,820
416,10,2,SUPPORT,1,26,3,80,8952,0
417,1,1,TANK,26,6,8,14293,0,13064
417,2,1,DAMAGE,24,3,9,10503,234,1462
417,3,1,DAMAGE,23,1,11,12097,3,45
417,4,1,SUPPORT,11,20,9,3726,10162,1070
417,5,1,SUPPORT,11,20,6,4421,11594,321
417,6,2,TANK,27,7,5,12141,58,10339
417,7,2,DAMAGE,21,0,11,6566,0,0
417,8,2,DAMAGE,21,3,9,12321,0,200
417,9,2,SUPPORT,20,5,10,8852,8119,554
417,10,2,SUPPORT,15,19,6,4972,14032,1167
418,1,1,TANK,31,2,7,19098,754,18911
418,2,1,DAMAGE,22,8,11,14249,1514,9682
418,3,1,DAMAGE,24,4,12,13592,938,63
418,4,1,SUPPORT,11,17,11,4144,12298,779
418,5,1,SUPPORT,21,23,10,6322,22403,0
418,6,2,TANK,40,7,7,19869,0,16507
418,7,2,DAMAGE,28,4,9,14351,1692,0
418,8,2,DAMAGE,22,4,12,12993,0,2621
418,9,2,SUPPORT,19,26,7,6335,15205,1398
418,10,2,SUPPORT,17,22,13,6925,14261,0
419,1,1,TANK,16,3,5,7861,0,5797
419,2,1,DAMAGE,19,3,7,8244,119,985
419,3,1,DAMAGE,20,3,4,9717,0,1077
419,4,1,SUPPORT,9,8,6,5636,8555,1374
419,5,1,SUPPORT,11,15,4,4483,9423,0
419,6,2,TANK,16,1,7,6850,0,9688
419,7,2,DAMAGE,18,0,9,9074,353,0
419,8,2,DAMAGE,13,0,4,9690,277,1832
419,9,2,SUPPORT,5,16,2,2252,11630,0
419,10,2,SUPPORT,15,11,5,4412,8202,1852
420,1,1,TANK,17,5,6,9028,179,11032
420,2,1,DAMAGE,20,0,10,13347,332,1307
420,3,1,DAMAGE,11,0,10,6000,289,403
420,4,1,SUPPORT,8,4,10,3017,8852,0
420,5,1,SUPPORT,6,14,11,3183,6692,54
420,6,2,TANK,21,2,5,7026,0,5638
420,7,2,DAMAGE,29,0,7,9903,982,0
420,8,2,DAMAGE,23,1,10,9401,107,794
420,9,2,SUPPORT,6,16,7,3606,8410,1109
420,10,2,SUPPORT,14,21,3,6134,8285,179
421,1,1,TANK,4,1,3,3257,0,1679
421,2,1,DAMAGE,3,0,5,1594,0,216
421,3,1,DAMAGE,2,0,4,1735,0,0
421,4,1,SUPPORT,3,2,3,1107,3525,0
421,5,1,SUPPORT,2,4,4,1005,2698,53
421,6,2,TANK,9,3,1,4772,0,2852
421,7,2,DAMAGE,8,2,2,2232,0,34
421,8,2,DAMAGE,9,1,1,3278,0,0
421,9,2,SUPPORT,5,8,1,1048,3132,0
421,10,2,SUPPORT,6,10,1,1925,1761,309
422,1,1,TANK,16,7,10,6045,0,11157
422,2,1,DAMAGE,16,0,9,10451,0,0
422,3,1,DAMAGE,23,1,8,11406,1125,2240
422,4,1,SUPPORT,12,16,8,3668,8155,1994
422,5,1,SUPPORT,7,12,8,3074,6881,292
422,6,2,TANK,26,12,6,10051,1560,2398
422,7,2,DAMAGE,21,3,6,11003,0,0
422,8,2,DAMAGE,21,1,7,8451,1369,115
422,9,2,SUPPORT,13,15,6,3215,9490,904
422,10,2,SUPPORT,18,27,6,4279,8087,0
423,1,1,TANK,14,3,8,9646,543,6541
423,2,1,DAMAGE,24,0,5,6629,0,0
423,3,1,DAMAGE,16,0,9,11421,183,242
423,4,1,SUPPORT,16,11,4,5808,7763,1535
423,5,1,SUPPORT,10,18,8,2560,8989,1863
423,6,2,TANK,26,3,4,13139,0,13627
423,7,2,DAMAGE,21,8,7,7040,1089,5484
423,8,2,DAMAGE,16,4,11,9333,92,2729
423,9,2,SUPPORT,16,18,7,4457,8119,481
423,10,2,SUPPORT,0,26,6,0,11114,0
424,1,1,TANK,15,1,9,12984,0,18677
424,2,1,DAMAGE,17,1,10,13586,0,160
424,3,1,DAMAGE,8,0,14,7519,562,925
424,4,1,SUPPORT,12,12,10,5329,11650,1882
424,5,1,SUPPORT,2,16,9,404,12875,26
424,6,2,TANK,36,10,6,13806,539,17561
424,7,2,DAMAGE,38,2,5,11705,1292,601
424,8,2,DAMAGE,26,2,7,13945,0,27
424,9,2,SUPPORT,22,19,2,6412,13812,30
424,10,2,SUPPORT,15,18,4,5104,9778,783
425,1,1,TANK,15,4,10,10601,300,12261
425,2,1,DAMAGE,12,3,11,9864,978,126
425,3,1,DAMAGE,17,0,8,8268,0,100
425,4,1,SUPPORT,5,3,3,3719,10178,87
425,5,1,SUPPORT,3,7,8,2389,9666,57
425,6,2,TANK,25,7,4,9823,482,16030
425,7,2,DAMAGE,27,6,5,10884,0,0
425,8,2,DAMAGE,19,3,6,14631,0,0
425,9,2,SUPPORT,12,19,2,4070,12361,990
425,10,2,SUPPORT,10,13,9,4100,7720,0
426,1,1,TANK,5,2,14,8945,169,13247
426,2,1,DAMAGE,8,0,7,5597,0,0
426,3,1,DAMAGE,5,2,10,7057,0,183
426,4,1,SUPPORT,4,4,5,3696,5960,188
426,5,1,SUPPORT,0,3,12,260,5638,0
426,6,2,TANK,29,5,1,8670,0,8468
426,7,2,DAMAGE,25,5,1,10042,1898,0
426,8,2,DAMAGE,31,0,3,7260,33,1618
426,9,2,SUPPORT,22,23,2,3955,9158,1022
426,10,2,SUPPORT,17,19,3,3896,6774,0
427,1,1,TANK,15,1,8,8422,0,15094
427,2,1,DAMAGE,16,10,10,9368,0,0
427,3,1,DAMAGE,13,0,10,7275,31,6121
427,4,1,SUPPORT,12,14,9,6251,8430,0
427,5,1,SUPPORT,7,12,9,3488,10497,1151
427,6,2,TANK,28,7,5,11681,611,10189
427,7,2,DAMAGE,21,0,8,9686,109,3960
427,8,2,DAMAGE,26,0,9,8914,0,510
427,9,2,SUPPORT,7,14,7,4045,6577,0
427,10,2,SUPPORT,14,16,3,4630,8734,147
428,1,1,TANK,6,1,3,4787,0,5110
428,2,1,DAMAGE,2,0,8,6513,87,325
428,3,1,DAMAGE,4,0,8,4162,226,1146
428,4,1,SUPPORT,4,0,5,2563,4523,105
428,5,1,SUPPORT,0,0,8,3068,3283,0
428,6,2,TANK,14,1,1,5592,0,12616
428,7,2,DAMAGE,17,2,2,7212,0,282
428,8,2,DAMAGE,18,3,2,4178,0,0
428,9,2,SUPPORT,5,6,1,1201,9422,0
428,10,2,SUPPORT,8,14,2,3705,4797,0
429,1,1,TANK,15,2,8,10767,0,11714
429,2,1,DAMAGE,13,0,9,8139,67,0
429,3,1,DAMAGE,10,1,8,9855,648,872
429,4,1,SUPPORT,4,0,8,5610,6095,140
429,5,1,SUPPORT,8,7,8,3655,10291,0
429,6,2,TANK,20,3,2,8830,594,3619
429,7,2,DAMAGE,14,6,7,7461,0,212
429,8,2,DAMAGE,16,3,9,8003,48,318
429,9,2,SUPPORT,15,19,4,4999,8996,1529
429,10,2,SUPPORT,20,4,5,6532,8143,0
430,1,1,TANK,9,3,5,5354,858,3482
430,2,1,DAMAGE,10,0,10,6826,150,2528
430,3,1,DAMAGE,10,2,5,8402,0,278
430,4,1,SUPPORT,4,8,8,3621,4904,600
430,5,1,SUPPORT,4,7,8,1353,6290,3860
430,6,2,TANK,23,4,3,6945,90,2923
430,7,2,DAMAGE,25,0,4,8100,1361,0
430,8,2,DAMAGE,12,4,3,5343,1060,2314
430,9,2,SUPPORT,11,15,5,4600,4956,0
430,10,2,SUPPORT,13,3,3,4456,7210,143
431,1,1,TANK,13,2,7,6865,3026,5974
431,2,1,DAMAGE,8,0,10,5013,53,273
431,3,1,DAMAGE,17,7,9,9893,810,0
431,4,1,SUPPORT,14,6,7,6149,7125,1169
431,5,1,SUPPORT,7,13,8,3376,7969,0
431,6,2,TANK,22,9,5,7901,489,3887
431,7,2,DAMAGE,19,0,7,9468,0,0
431,8,2,DAMAGE,17,0,6,6599,34,947
431,9,2,SUPPORT,15,19,5,2603,6219,793
431,10,2,SUPPORT,28,6,5,9691,4960,590
432,1,1,TANK,19,3,8,12104,0,5358
432,2,1,DAMAGE,17,2,8,8074,2252,2075
432,3,1,DAMAGE,12,1,11,7263,41,198
432,4,1,SUPPORT,12,7,5,6197,12087,444
432,5,1,SUPPORT,12,14,10,3279,10401,3205
432,6,2,TANK,23,5,5,13068,0,8067
432,7,2,DAMAGE,17,0,9,7331,0,0
432,8,2,DAMAGE,24,0,7,9873,230,615
432,9,2,SUPPORT,15,9,7,7202,10079,300
432,10,2,SUPPORT,16,19,5,6597,10062,0
433,1,1,TANK,17,5,5,10689,300,6723
433,2,1,DAMAGE,18,3,14,10231,0,31
433,3,1,DAMAGE,12,0,11,10545,0,1002
433,4,1,SUPPORT,9,8,10,4740,9113,752
433,5,1,SUPPORT,12,8,11,5806,7616,58
433,6,2,TANK,24,17,9,9260,0,7605
433,7,2,DAMAGE,32,0,7,12363,0,1492
433,8,2,DAMAGE,28,4,6,12178,1096,0
433,9,2,SUPPORT,20,19,6,7730,11627,1958
433,10,2,SUPPORT,14,17,7,5493,11504,538
434,1,1,TANK,32,4,11,16368,2051,9809
434,2,1,DAMAGE,20,0,8,8121,22,0
434,3,1,DAMAGE,24,2,8,14724,0,184
434,4,1,SUPPORT,17,20,8,7059,14786,406
434,5,1,SUPPORT,10,22,8,4362,16847,1900
434,6,2,TANK,28,8,11,13595,371,19405
434,7,2,DAMAGE,29,1,9,16038,102,459
434,8,2,DAMAGE,25,0,11,14003,75,1822
434,9,2,SUPPORT,11,19,9,1909,13119,1425
434,10,2,SUPPORT,14,21,6,10673,13369,0
435,1,1,TANK,19,3,3,16827,0,18509
435,2,1,DAMAGE,16,2,13,12324,1128,2298
435,3,1,DAMAGE,16,1,12,10342,1582,0
435,4,1,SUPPORT,6,16,10,4861,8168,0
435,5,1,SUPPORT,2,15,9,1529,14039,90
435,6,2,TANK,32,11,5,13859,1446,15370
435,7,2,DAMAGE,25,0,7,8852,316,0
435,8,2,DAMAGE,25,1,9,13310,25,927
435,9,2,SUPPORT,15,8,5,6813,11543,841
435,10,2,SUPPORT,19,19,5,8947,9640,0
436,1,1,TANK,14,1,9,9878,807,16531
436,2,1,DAMAGE,15,0,10,12407,62,1630
436,3,1,DAMAGE,10,0,12,11468,126,0
436,4,1,SUPPORT,7,8,7,3129,8180,427
436,5,1,SUPPORT,1,14,7,1418,9966,0
436,6,2,TANK,21,6,4,8859,0,15779
436,7,2,DAMAGE,26,1,7,9192,131,0
436,8,2,DAMAGE,27,9,6,7925,2001,3861
436,9,2,SUPPORT,25,17,4,6577,12823,0
436,10,2,SUPPORT,18,12,5,6148,7566,248
437,1,1,TANK,3,0,7,6144,1893,7872
437,2,1,DAMAGE,8,0,10,6510,0,1315
437,3,1,DAMAGE,5,0,6,4106,0,70
437,4,1,SUPPORT,2,4,6,2507,6268,915
437,5,1,SUPPORT,1,3,8,963,10005,629
437,6,2,TANK,28,9,0,13751,95,8249
437,7,2,DAMAGE,14,2,4,8178,0,51
437,8,2,DAMAGE,21,1,3,6281,0,0
437,9,2,SUPPORT,19,5,3,1618,4801,175
437,10,2,SUPPORT,7,12,1,3049,6070,0
438,1,1,TANK,6,2,2,5471,0,7879
438,2,1,DAMAGE,1,0,8,3094,0,799
438,3,1,DAMAGE,4,0,7,2595,0,0
438,4,1,SUPPORT,2,1,4,3170,4381,0
438,5,1,SUPPORT,2,1,4,3303,4502,114
438,6,2,TANK,16,4,0,8015,405,2959
438,7,2,DAMAGE,10,2,1,4070,0,0
438,8,2,DAMAGE,10,4,2,3560,399,2629
438,9,2,SUPPORT,9,4,1,3077,5153,140
438,10,2,SUPPORT,6,4,3,1565,2291,0
439,1,1,TANK,14,3,10,12717,1315,7673
439,2,1,DAMAGE,12,0,10,8731,0,0
439,3,1,DAMAGE,13,1,8,13704,0,339
439,4,1,SUPPORT,3,10,13,3847,6414,0
439,5,1,SUPPORT,12,9,8,6816,10450,858
439,6,2,TANK,26,7,7,10928,411,6588
439,7,2,DAMAGE,34,0,6,12202,160,1186
439,8,2,DAMAGE,32,16,6,9921,2563,4274
439,9,2,SUPPORT,22,31,2,5724,12924,4098
439,10,2,SUPPORT,15,20,4,4645,11437,546
440,1,1,TANK,10,2,6,7978,225,2315
440,2,1,DAMAGE,3,2,6,3824,0,24
440,3,1,DAMAGE,3,0,8,2262,0,0
440,4,1,SUPPORT,4,7,4,1783,3884,0
440,5,1,SUPPORT,1,5,9,2426,3663,334
440,6,2,TANK,18,6,2,6370,0,7396
440,7,2,DAMAGE,12,0,3,4014,0,0
440,8,2,DAMAGE,19,2,3,5349,0,1544
440,9,2,SUPPORT,9,12,1,2667,4282,110
440,10,2,SUPPORT,8,12,2,2747,4606,0
441,1,1,TANK,20,2,7,9872,1035,19828
441,2,1,DAMAGE,13,0,12,9985,0,534
441,3,1,DAMAGE,20,0,7,17207,0,0
441,4,1,SUPPORT,11,15,4,6277,11511,889
441,5,1,SUPPORT,0,21,8,11,12202,0
441,6,2,TANK,12,2,5,7662,0,21870
441,7,2,DAMAGE,22,5,7,13539,0,0
441,8,2,DAMAGE,21,0,9,14786,0,0
441,9,2,SUPPORT,10,12,7,4668,10891,418
441,10,2,SUPPORT,9,8,6,4738,14362,0
442,1,1,TANK,14,3,7,9774,788,6934
442,2,1,DAMAGE,13,0,4,5477,0,0
442,3,1,DAMAGE,13,1,10,9470,0,446
442,4,1,SUPPORT,5,8,8,5858,7703,149
442,5,1,SUPPORT,2,3,8,3016,7117,578
442,6,2,TANK,24,3,5,11117,637,12808
442,7,2,DAMAGE,19,4,4,9778,0,235
442,8,2,DAMAGE,15,0,6,8761,53,0
442,9,2,SUPPORT,0,26,3,0,11462,0
442,10,2,SUPPORT,14,17,3,5501,7889,0
443,1,1,TANK,12,2,6,8802,0,20480
443,2,1,DAMAGE,16,1,10,11333,0,189
443,3,1,DAMAGE,14,0,8,10250,2072,0
443,4,1,SUPPORT,7,3,5,4149,9241,296
443,5,1,SUPPORT,10,15,7,5384,9625,0
443,6,2,TANK,26,12,6,12233,2745,5683
443,7,2,DAMAGE,23,0,5,6735,0,0
443,8,2,DAMAGE,17,1,6,9316,0,0
443,9,2,SUPPORT,8,18,6,4083,8651,0
443,10,2,SUPPORT,13,3,4,6715,9644,421
444,1,1,TANK,14,4,10,8605,2174,3724
444,2,1,DAMAGE,13,0,4,5154,0,0
444,3,1,DAMAGE,11,1,10,9432,0,345
444,4,1,SUPPORT,3,5,10,3423,7241,862
444,5,1,SUPPORT,5,5,12,6039,5729,192
444,6,2,TANK,28,12,3,8350,102,9153
444,7,2,DAMAGE,20,0,5,7807,220,1426
444,8,2,DAMAGE,20,1,7,10936,0,0
444,9,2,SUPPORT,19,18,3,7637,10615,196
444,10,2,SUPPORT,14,20,7,4819,4987,0
445,1,1,TANK,17,2,10,12040,365,21990
445,2,1,DAMAGE,17,0,13,11660,0,2840
445,3,1,DAMAGE,9,0,17,10119,95,1348
445,4,1,SUPPORT,10,7,15,4714,8777,671
445,5,1,SUPPORT,7,4,10,5357,9347,0
445,6,2,TANK,43,8,3,17329,962,7638
445,7,2,DAMAGE,37,0,8,12880,0,0
445,8,2,DAMAGE,35,0,5,9839,0,0
445,9,2,SUPPORT,11,18,7,4513,11018,524
445,10,2,SUPPORT,21,25,9,6450,7903,0
446,1,1,TANK,7,0,6,5300,0,7231
446,2,1,DAMAGE,4,0,4,3549,0,0
446,3,1,DAMAGE,2,2,6,3328,194,0
446,4,1,SUPPORT,2,5,6,1410,3298,1240
446,5,1,SUPPORT,5,3,5,1913,4980,37
446,6,2,TANK,15,4,2,5027,0,8589
446,7,2,DAMAGE,17,4,3,7120,0,66
446,8,2,DAMAGE,22,0,0,5850,33,963
446,9,2,SUPPORT,1,12,2,490,5225,77
446,10,2,SUPPORT,5,13,2,2445,5437,0
447,1,1,TANK,31,8,12,16999,342,17474
447,2,1,DAMAGE,39,1,11,15727,2633,0
447,3,1,DAMAGE,27,4,19,16488,0,726
447,4,1,SUPPORT,17,15,12,8027,13076,71
447,5,1,SUPPORT,23,25,15,6421,15710,2783
447,6,2,TANK,40,17,12,19138,575,10683
447,7,2,DAMAGE,32,4,13,17754,0,196
447,8,2,DAMAGE,29,6,14,10734,501,0
447,9,2,SUPPORT,35,16,11,14981,15528,381
447,10,2,SUPPORT,21,7,12,9713,14263,1075
448,1,1,TANK,9,5,5,6143,71,8537
448,2,1,DAMAGE,8,0,6,5054,0,450
448,3,1,DAMAGE,4,0,9,2747,0,1528
448,4,1,SUPPORT,5,7,5,3357,5884,0
448,5,1,SUPPORT,3,6,5,1564,7449,639
448,6,2,TANK,15,3,3,8150,0,5572
448,7,2,DAMAGE,15,2,2,7156,0,117
448,8,2,DAMAGE,12,0,3,5567,227,390
448,9,2,SUPPORT,12,14,1,4578,3774,0
448,10,2,SUPPORT,12,10,3,3602,7535,246
449,1,1,TANK,28,3,9,16512,0,12674
449,2,1,DAMAGE,12,0,15,7827,367,1347
449,3,1,DAMAGE,32,1,17,15193,587,312
449,4,1,SUPPORT,14,25,11,4487,17482,0
449,5,1,SUPPORT,20,20,12,8493,9086,900
449,6,2,TANK,35,3,12,14927,230,12346
449,7,2,DAMAGE,33,1,8,15861,0,1076
449,8,2,DAMAGE,27,5,13,12604,277,227
449,9,2,SUPPORT,21,16,6,7768,14732,400
449,10,2,SUPPORT,14,19,7,4759,11009,552
450,1,1,TANK,13,2,9,11867,0,14893
450,2,1,DAMAGE,12,1,7,11732,0,881
450,3,1,DAMAGE,15,0,10,7161,0,584
450,4,1,SUPPORT,3,4,7,4794,9203,198
450,5,1,SUPPORT,5,7,10,2955,10853,0
450,6,2,TANK,28,3,3,15570,1095,22647
450,7,2,DAMAGE,20,0,7,9050,161,0
450,8,2,DAMAGE,18,5,6,7115,0,118
450,9,2,SUPPORT,12,25,5,4773,10961,0
450,10,2,SUPPORT,13,18,5,3347,10790,1385
451,1,1,TANK,20,4,7,7851,2169,5372
451,2,1,DAMAGE,19,3,14,9979,307,245
451,3,1,DAMAGE,26,0,14,11723,2493,0
451,4,1,SUPPORT,6,11,9,3676,9048,2202
451,5,1,SUPPORT,11,20,9,5448,9326,465
451,6,2,TANK,37,13,7,15671,2442,8257
451,7,2,DAMAGE,33,0,9,12840,0,0
451,8,2,DAMAGE,26,9,7,11781,215,0
451,9,2,SUPPORT,18,23,8,3699,8447,662
451,10,2,SUPPORT,27,19,11,9831,6608,0
452,1,1,TANK,8,1,5,5473,1816,4486
452,2,1,DAMAGE,6,0,10,4541,0,157
452,3,1,DAMAGE,6,1,6,6186,422,924
452,4,1,SUPPORT,10,5,4,4360,5638,0
452,5,1,SUPPORT,7,9,8,3940,3392,83
452,6,2,TANK,25,2,2,9810,1964,5097
452,7,2,DAMAGE,10,0,4,4235,0,0
452,8,2,DAMAGE,13,0,4,5975,620,0
452,9,2,SUPPORT,11,5,5,2933,5595,0
452,10,2,SUPPORT,4,10,4,1459,6375,855
453,1,1,TANK,16,3,8,8348,4028,2244
453,2,1,DAMAGE,8,1,9,10831,767,12
453,3,1,DAMAGE,8,1,10,6606,718,400
453,4,1,SUPPORT,0,8,6,2150,8064,709
453,5,1,SUPPORT,3,5,9,4725,7048,89
453,6,2,TANK,24,5,2,10398,1873,5619
453,7,2,DAMAGE,15,0,7,7129,0,972
453,8,2,DAMAGE,20,1,4,11983,1166,0
453,9,2,SUPPORT,16,20,2,4639,9366,1472
453,10,2,SUPPORT,22,14,5,6614,9876,0
454,1,1,TANK,14,0,8,8779,825,10119
454,2,1,DAMAGE,10,0,7,5093,648,531
454,3,1,DAMAGE,11,0,3,4444,63,0
454,4,1,SUPPORT,2,14,5,1268,9157,649
454,5,1,SUPPORT,4,11,6,2361,6337,0
454,6,2,TANK,17,0,3,10365,1354,9954
454,7,2,DAMAGE,13,0,2,6638,724,0
454,8,2,DAMAGE,22,1,3,8119,0,1125
454,9,2,SUPPORT,7,11,5,3777,5550,0
454,10,2,SUPPORT,8,11,7,4460,3633,0
455,1,1,TANK,14,2,4,8698,1807,9283
455,2,1,DAMAGE,9,3,11,5711,453,303
455,3,1,DAMAGE,10,0,9,6893,76,1382
455,4,1,SUPPORT,6,11,4,2693,6443,231
455,5,1,SUPPORT,4,3,7,3271,4263,91
455,6,2,TANK,22,7,1,7832,1969,8591
455,7,2,DAMAGE,17,0,6,6489,116,1297
455,8,2,DAMAGE,19,0,5,7920,66,0
455,9,2,SUPPORT,8,4,5,2262,5813,0
455,10,2,SUPPORT,9,16,4,3257,6699,589
456,1,1,TANK,17,2,9,10384,273,7545
456,2,1,DAMAGE,13,0,11,13119,1597,0
456,3,1,DAMAGE,17,3,13,7940,150,1113
456,4,1,SUPPORT,3,5,10,2642,9484,215
456,5,1,SUPPORT,6,13,6,3612,8468,922
456,6,2,TANK,28,6,2,9722,2201,19723
456,7,2,DAMAGE,27,9,6,11637,0,0
456,8,2,DAMAGE,28,3,7,11144,502,0
456,9,2,SUPPORT,23,6,5,7743,11531,0
456,10,2,SUPPORT,10,20,4,2541,10728,730
457,1,1,TANK,12,1,3,6144,1575,5011
457,2,1,DAMAGE,8,0,7,7195,1137,0
457,3,1,DAMAGE,10,1,5,7706,0,0
457,4,1,SUPPORT,5,7,4,3681,7657,0
457,5,1,SUPPORT,8,6,5,4003,5818,811
457,6,2,TANK,17,2,3,8344,121,3197
457,7,2,DAMAGE,10,2,8,6926,545,758
457,8,2,DAMAGE,9,0,4,6138,269,0
457,9,2,SUPPORT,6,11,2,3757,8590,757
457,10,2,SUPPORT,5,7,4,2208,6394,81
458,1,1,TANK,23,13,4,10561,2769,7950
458,2,1,DAMAGE,32,0,10,9886,175,0
458,3,1,DAMAGE,33,3,10,20121,157,293
458,4,1,SUPPORT,14,12,8,6143,9285,0
458,5,1,SUPPORT,0,31,8,0,10309,0
458,6,2,TANK,21,4,6,10627,0,5364
458,7,2,DAMAGE,22,3,12,14816,0,302
458,8,2,DAMAGE,26,0,13,14645,0,0
458,9,2,SUPPORT,7,18,13,7138,11674,1342
458,10,2,SUPPORT,5,17,9,5122,12865,5966
459,1,1,TANK,7,0,10,4258,0,9349
459,2,1,DAMAGE,3,0,2,5219,0,18
459,3,1,DAMAGE,5,0,10,3747,585,0
459,4,1,SUPPORT,3,3,9,3966,6620,0
459,5,1,SUPPORT,1,4,11,1776,4283,589
459,6,2,TANK,23,4,1,7784,737,13592
459,7,2,DAMAGE,27,4,3,11156,0,10
459,8,2,DAMAGE,15,6,3,4680,0,0
459,9,2,SUPPORT,12,17,1,3448,8353,0
459,10,2,SUPPORT,11,10,4,3252,3509,105
460,1,1,TANK,18,5,9,12212,1189,10357
460,2,1,DAMAGE,16,0,11,10005,790,0
460,3,1,DAMAGE,13,3,10,10148,5,286
460,4,1,SUPPORT,8,14,5,4058,7591,882
460,5,1,SUPPORT,4,12,9,2569,10846,1224
460,6,2,TANK,28,3,6,11770,0,14243
460,7,2,DAMAGE,16,1,10,8999,0,164
460,8,2,DAMAGE,26,0,4,9385,1463,0
460,9,2,SUPPORT,16,26,6,4428,9311,806
460,10,2,SUPPORT,27,25,2,5592,12310,0
461,1,1,TANK,24,10,4,15423,3272,16478
461,2,1,DAMAGE,18,0,9,11797,147,95
461,3,1,DAMAGE,23,3,10,16323,0,143
461,4,1,SUPPORT,14,12,9,7645,13347,1461
461,5,1,SUPPORT,13,21,7,5953,16881,2520
461,6,2,TANK,10,0,3,5251,1213,7551
461,7,2,DAMAGE,20,0,9,12559,732,614
461,8,2,DAMAGE,22,0,12,16153,2051,0
461,9,2,SUPPORT,9,14,8,6310,13022,2651
461,10,2,SUPPORT,7,11,7,5264,12850,1125
